Sub-Sample;"Day Relative to Event";-5;-4;-3;-2;-1;0;1;2;3;4;5
Machinery;"Average Abnormal Return (AAR)";0.0007;0.0007;-0.0016;0.0022;-0.0069;0.0117;-0.0163;0.0007;0.0007;0.0002;-0.0006
Machinery;N;37;37;37;37;37;37;37;37;37;37;37
Machinery;Pos:Neg;24:13;24:13;19:18;18:19;11:26;26:11;5:32;24:13;24:13;20:17;21:16
Machinery;"Patell Z";0.1925;0.1925;-1.0588;-0.0405;-3.2318;4.618;-7.8182;0.1925;0.1925;-1.2761;-0.9428
Machinery;"Patell Z P-Values";0.8473;0.8473;0.2897;0.9677;0.0012;3.8749E-6;5.3583E-15;0.8473;0.8473;0.2019;0.3458
Machinery;"Generalized Sign Z";;;;;;;;;;;
Machinery;"Generalized Sign Z P-Values";;;;;;;;;;;
Machinery;"Sign Z";;;;;;;;;;;
Machinery;"Sign Z P-Values";;;;;;;;;;;
Machinery;"Csect T";1.8971;1.8971;-0.7035;0.7174;-2.4398;2.573;-7.1089;1.8971;1.8971;0.0412;-0.1131
Machinery;"Csect T P-Values";0.0659;0.0659;0.4863;0.4778;0.0198;0.0144;2.3641E-8;0.0659;0.0659;0.9674;0.9106
Machinery;"StdCSect T";2.6931;2.6931;-1.0377;-0.0371;-2.6349;2.3783;-6.9617;2.6931;2.6931;-0.5659;-0.577
Machinery;"StdCSect T P-Values";0.0107;0.0107;0.3063;0.9706;0.0123;0.0228;3.686E-8;0.0107;0.0107;0.575;0.5675
Machinery;"Rank Z";;;;;;;;;;;
Machinery;"Rank Z P-Values";;;;;;;;;;;
Machinery;"Generalized Rank T";;;;;;;;;;;
Machinery;"Generalized Rank T P-Values";;;;;;;;;;;
Machinery;"Generalized Rank Z";;;;;;;;;;;
Machinery;"Generalized Rank Z P-Values";;;;;;;;;;;
Machinery;"Adjusted Patell Z";;;;;;;;;;;
Machinery;"Adjusted Patell Z P-Values";;;;;;;;;;;
Machinery;"Adjusted StdCSect T";;;;;;;;;;;
Machinery;"Adjusted StdCSect T P-Values";;;;;;;;;;;
Machinery;"Skewness-Corrected T";;;;;;;;;;;
Machinery;"Skewness-Corrected T P-Values";;;;;;;;;;;
Machinery;"CDA T";;;;;;;;;;;
Machinery;"CDA T P-Values";;;;;;;;;;;
Machinery;Wilcoxon;;;;;;;;;;;
Machinery;"Wilcoxon P-Values";;;;;;;;;;;
Chemicals;"Average Abnormal Return (AAR)";0.0004;0.0004;-0.0058;0.0019;0.0056;0.0018;-0.0066;0.0004;0.0004;0.0103;0.0063
Chemicals;N;25;25;25;25;25;25;25;25;25;25;25
Chemicals;Pos:Neg;14:11;14:11;8:17;14:11;19:6;15:10;9:16;14:11;14:11;15:10;13:12
Chemicals;"Patell Z";0.1498;0.1498;-3.0719;0.0335;3.1909;-0.9645;-2.8394;0.1498;0.1498;2.4097;1.9302
Chemicals;"Patell Z P-Values";0.8809;0.8809;0.0021;0.9733;0.0014;0.3348;0.0045;0.8809;0.8809;0.016;0.0536
Chemicals;"Generalized Sign Z";;;;;;;;;;;
Chemicals;"Generalized Sign Z P-Values";;;;;;;;;;;
Chemicals;"Sign Z";;;;;;;;;;;
Chemicals;"Sign Z P-Values";;;;;;;;;;;
Chemicals;"Csect T";1.4496;1.4496;-2.1725;0.8555;2.3716;0.2967;-2.341;1.4496;1.4496;1.7227;1.1682
Chemicals;"Csect T P-Values";0.1601;0.1601;0.0399;0.4007;0.0261;0.7692;0.0279;0.1601;0.1601;0.0978;0.2542
Chemicals;"StdCSect T";1.5968;1.5968;-2.6207;0.032;3.1442;-0.3672;-2.3786;1.5968;1.5968;1.0151;0.7619
Chemicals;"StdCSect T P-Values";0.1234;0.1234;0.015;0.9747;0.0044;0.7167;0.0257;0.1234;0.1234;0.3202;0.4535
Chemicals;"Rank Z";;;;;;;;;;;
Chemicals;"Rank Z P-Values";;;;;;;;;;;
Chemicals;"Generalized Rank T";;;;;;;;;;;
Chemicals;"Generalized Rank T P-Values";;;;;;;;;;;
Chemicals;"Generalized Rank Z";;;;;;;;;;;
Chemicals;"Generalized Rank Z P-Values";;;;;;;;;;;
Chemicals;"Adjusted Patell Z";;;;;;;;;;;
Chemicals;"Adjusted Patell Z P-Values";;;;;;;;;;;
Chemicals;"Adjusted StdCSect T";;;;;;;;;;;
Chemicals;"Adjusted StdCSect T P-Values";;;;;;;;;;;
Chemicals;"Skewness-Corrected T";;;;;;;;;;;
Chemicals;"Skewness-Corrected T P-Values";;;;;;;;;;;
Chemicals;"CDA T";;;;;;;;;;;
Chemicals;"CDA T P-Values";;;;;;;;;;;
Chemicals;Wilcoxon;;;;;;;;;;;
Chemicals;"Wilcoxon P-Values";;;;;;;;;;;
"Trading Companies & Distributors";"Average Abnormal Return (AAR)";0.0007;0.0007;0.0052;0.0106;-0.0059;0.0261;-0.0115;0.0007;0.0007;0.0262;0.0028
"Trading Companies & Distributors";N;13;13;13;13;13;13;13;13;13;13;13
"Trading Companies & Distributors";Pos:Neg;10:3;10:3;9:4;8:5;1:12;11:2;2:11;10:3;10:3;11:2;7:6
"Trading Companies & Distributors";"Patell Z";0.1893;0.1893;1.7469;2.1968;-1.4528;6.5909;-2.6764;0.1893;0.1893;8.4219;0.4719
"Trading Companies & Distributors";"Patell Z P-Values";0.8498;0.8498;0.0806;0.028;0.1463;4.3728E-11;0.0074;0.8498;0.8498;3.7036E-17;0.637
"Trading Companies & Distributors";"Generalized Sign Z";;;;;;;;;;;
"Trading Companies & Distributors";"Generalized Sign Z P-Values";;;;;;;;;;;
"Trading Companies & Distributors";"Sign Z";;;;;;;;;;;
"Trading Companies & Distributors";"Sign Z P-Values";;;;;;;;;;;
"Trading Companies & Distributors";"Csect T";2.5284;2.5284;1.6048;1.8465;-2.7029;3.1522;-2.6478;2.5284;2.5284;4.0571;0.5474
"Trading Companies & Distributors";"Csect T P-Values";0.0265;0.0265;0.1345;0.0896;0.0192;0.0083;0.0213;0.0265;0.0265;0.0016;0.5941
"Trading Companies & Distributors";"StdCSect T";2.4547;2.4547;1.5077;1.9279;-2.2257;2.6181;-2.0766;2.4547;2.4547;3.2694;0.2824
"Trading Companies & Distributors";"StdCSect T P-Values";0.0303;0.0303;0.1575;0.0779;0.046;0.0225;0.06;0.0303;0.0303;0.0067;0.7825
"Trading Companies & Distributors";"Rank Z";;;;;;;;;;;
"Trading Companies & Distributors";"Rank Z P-Values";;;;;;;;;;;
"Trading Companies & Distributors";"Generalized Rank T";;;;;;;;;;;
"Trading Companies & Distributors";"Generalized Rank T P-Values";;;;;;;;;;;
"Trading Companies & Distributors";"Generalized Rank Z";;;;;;;;;;;
"Trading Companies & Distributors";"Generalized Rank Z P-Values";;;;;;;;;;;
"Trading Companies & Distributors";"Adjusted Patell Z";;;;;;;;;;;
"Trading Companies & Distributors";"Adjusted Patell Z P-Values";;;;;;;;;;;
"Trading Companies & Distributors";"Adjusted StdCSect T";;;;;;;;;;;
"Trading Companies & Distributors";"Adjusted StdCSect T P-Values";;;;;;;;;;;
"Trading Companies & Distributors";"Skewness-Corrected T";;;;;;;;;;;
"Trading Companies & Distributors";"Skewness-Corrected T P-Values";;;;;;;;;;;
"Trading Companies & Distributors";"CDA T";;;;;;;;;;;
"Trading Companies & Distributors";"CDA T P-Values";;;;;;;;;;;
"Trading Companies & Distributors";Wilcoxon;;;;;;;;;;;
"Trading Companies & Distributors";"Wilcoxon P-Values";;;;;;;;;;;
"Financial Services";"Average Abnormal Return (AAR)";0.0014;0.0014;-0.0001;0.0179;-0.0034;0.0196;-0.0208;0.0014;0.0014;0.01;-0.0044
"Financial Services";N;16;16;16;16;16;16;16;16;16;16;16
"Financial Services";Pos:Neg;14:2;14:2;6:10;12:4;4:12;13:3;5:11;14:2;14:2;13:3;6:10
"Financial Services";"Patell Z";0.3761;0.3761;-1.0932;4.7288;-1.395;4.7223;-4.4354;0.3761;0.3761;3.028;-1.7114
"Financial Services";"Patell Z P-Values";0.7069;0.7069;0.2743;2.259E-6;0.163;2.3321E-6;9.1917E-6;0.7069;0.7069;0.0025;0.087
"Financial Services";"Generalized Sign Z";;;;;;;;;;;
"Financial Services";"Generalized Sign Z P-Values";;;;;;;;;;;
"Financial Services";"Sign Z";;;;;;;;;;;
"Financial Services";"Sign Z P-Values";;;;;;;;;;;
"Financial Services";"Csect T";4.2771;4.2771;-0.023;2.6701;-1.0245;2.4853;-3.2793;4.2771;4.2771;2.693;-1.2863
"Financial Services";"Csect T P-Values";0.0007;0.0007;0.982;0.0175;0.3218;0.0252;0.0051;0.0007;0.0007;0.0167;0.2178
"Financial Services";"StdCSect T";5.0294;5.0294;-0.7576;3.1681;-1.3493;2.1652;-2.9547;5.0294;5.0294;2.4557;-1.4712
"Financial Services";"StdCSect T P-Values";0.0001;0.0001;0.4604;0.0064;0.1973;0.0469;0.0098;0.0001;0.0001;0.0267;0.1619
"Financial Services";"Rank Z";;;;;;;;;;;
"Financial Services";"Rank Z P-Values";;;;;;;;;;;
"Financial Services";"Generalized Rank T";;;;;;;;;;;
"Financial Services";"Generalized Rank T P-Values";;;;;;;;;;;
"Financial Services";"Generalized Rank Z";;;;;;;;;;;
"Financial Services";"Generalized Rank Z P-Values";;;;;;;;;;;
"Financial Services";"Adjusted Patell Z";;;;;;;;;;;
"Financial Services";"Adjusted Patell Z P-Values";;;;;;;;;;;
"Financial Services";"Adjusted StdCSect T";;;;;;;;;;;
"Financial Services";"Adjusted StdCSect T P-Values";;;;;;;;;;;
"Financial Services";"Skewness-Corrected T";;;;;;;;;;;
"Financial Services";"Skewness-Corrected T P-Values";;;;;;;;;;;
"Financial Services";"CDA T";;;;;;;;;;;
"Financial Services";"CDA T P-Values";;;;;;;;;;;
"Financial Services";Wilcoxon;;;;;;;;;;;
"Financial Services";"Wilcoxon P-Values";;;;;;;;;;;
Multi-Utilities;"Average Abnormal Return (AAR)";-0.001;-0.001;-0.0059;-0.0075;0.0061;-0.0192;0.0242;-0.001;-0.001;0.0106;-0.0251
Multi-Utilities;N;7;7;7;7;7;7;7;7;7;7;7
Multi-Utilities;Pos:Neg;2:5;2:5;0:7;2:5;4:3;1:6;7:0;2:5;2:5;4:3;2:5
Multi-Utilities;"Patell Z";-0.3031;-0.3031;-1.6338;-1.977;1.6464;-5.1864;6.4199;-0.3031;-0.3031;3.0698;-7.7216
Multi-Utilities;"Patell Z P-Values";0.7618;0.7618;0.1023;0.048;0.0997;2.1435E-7;1.3632E-10;0.7618;0.7618;0.0021;1.1491E-14
Multi-Utilities;"Generalized Sign Z";;;;;;;;;;;
Multi-Utilities;"Generalized Sign Z P-Values";;;;;;;;;;;
Multi-Utilities;"Sign Z";;;;;;;;;;;
Multi-Utilities;"Sign Z P-Values";;;;;;;;;;;
Multi-Utilities;"Csect T";-2.006;-2.006;-3.8748;-2.264;1.7847;-3.6828;6.8634;-2.006;-2.006;1.3841;-1.3831
Multi-Utilities;"Csect T P-Values";0.0917;0.0917;0.0082;0.0642;0.1246;0.0103;0.0005;0.0917;0.0917;0.2156;0.2159
Multi-Utilities;"StdCSect T";-2.1876;-2.1876;-4.2378;-2.1583;1.7764;-3.7504;7.2291;-2.1876;-2.1876;1.3756;-1.2476
Multi-Utilities;"StdCSect T P-Values";0.0713;0.0713;0.0055;0.0743;0.126;0.0095;0.0004;0.0713;0.0713;0.2181;0.2587
Multi-Utilities;"Rank Z";;;;;;;;;;;
Multi-Utilities;"Rank Z P-Values";;;;;;;;;;;
Multi-Utilities;"Generalized Rank T";;;;;;;;;;;
Multi-Utilities;"Generalized Rank T P-Values";;;;;;;;;;;
Multi-Utilities;"Generalized Rank Z";;;;;;;;;;;
Multi-Utilities;"Generalized Rank Z P-Values";;;;;;;;;;;
Multi-Utilities;"Adjusted Patell Z";;;;;;;;;;;
Multi-Utilities;"Adjusted Patell Z P-Values";;;;;;;;;;;
Multi-Utilities;"Adjusted StdCSect T";;;;;;;;;;;
Multi-Utilities;"Adjusted StdCSect T P-Values";;;;;;;;;;;
Multi-Utilities;"Skewness-Corrected T";;;;;;;;;;;
Multi-Utilities;"Skewness-Corrected T P-Values";;;;;;;;;;;
Multi-Utilities;"CDA T";;;;;;;;;;;
Multi-Utilities;"CDA T P-Values";;;;;;;;;;;
Multi-Utilities;Wilcoxon;;;;;;;;;;;
Multi-Utilities;"Wilcoxon P-Values";;;;;;;;;;;
"Food Products";"Average Abnormal Return (AAR)";0.0001;0.0001;0.0068;-0.0149;0.0242;-0.0135;0.003;0.0001;0.0001;0.0053;0.0172
"Food Products";N;14;14;14;14;14;14;14;14;14;14;14
"Food Products";Pos:Neg;8:6;8:6;9:5;3:11;12:2;5:9;9:5;8:6;8:6;10:4;11:3
"Food Products";"Patell Z";0.011;0.011;2.127;-4.404;8.0203;-4.2671;1.0687;0.011;0.011;2.186;6.1515
"Food Products";"Patell Z P-Values";0.9912;0.9912;0.0334;0;1.0546E-15;0;0.2852;0.9912;0.9912;0.0288;7.6731E-10
"Food Products";"Generalized Sign Z";;;;;;;;;;;
"Food Products";"Generalized Sign Z P-Values";;;;;;;;;;;
"Food Products";"Sign Z";;;;;;;;;;;
"Food Products";"Sign Z P-Values";;;;;;;;;;;
"Food Products";"Csect T";0.6226;0.6226;1.6258;-2.4619;2.5434;-2.4132;0.7913;0.6226;0.6226;1.3918;2.4648
"Food Products";"Csect T P-Values";0.5443;0.5443;0.128;0.0286;0.0245;0.0313;0.443;0.5443;0.5443;0.1873;0.0284
"Food Products";"StdCSect T";0.2243;0.2243;1.5922;-3.5589;2.6478;-2.3432;0.8187;0.2243;0.2243;1.4609;2.7572
"Food Products";"StdCSect T P-Values";0.826;0.826;0.1354;0.0035;0.0201;0.0357;0.4277;0.826;0.826;0.1678;0.0163
"Food Products";"Rank Z";;;;;;;;;;;
"Food Products";"Rank Z P-Values";;;;;;;;;;;
"Food Products";"Generalized Rank T";;;;;;;;;;;
"Food Products";"Generalized Rank T P-Values";;;;;;;;;;;
"Food Products";"Generalized Rank Z";;;;;;;;;;;
"Food Products";"Generalized Rank Z P-Values";;;;;;;;;;;
"Food Products";"Adjusted Patell Z";;;;;;;;;;;
"Food Products";"Adjusted Patell Z P-Values";;;;;;;;;;;
"Food Products";"Adjusted StdCSect T";;;;;;;;;;;
"Food Products";"Adjusted StdCSect T P-Values";;;;;;;;;;;
"Food Products";"Skewness-Corrected T";;;;;;;;;;;
"Food Products";"Skewness-Corrected T P-Values";;;;;;;;;;;
"Food Products";"CDA T";;;;;;;;;;;
"Food Products";"CDA T P-Values";;;;;;;;;;;
"Food Products";Wilcoxon;;;;;;;;;;;
"Food Products";"Wilcoxon P-Values";;;;;;;;;;;
"Metals & Mining";"Average Abnormal Return (AAR)";-0.0002;-0.0002;0.0026;0.0081;0.0004;-0.0254;0.0153;-0.0002;-0.0002;-0.0447;0.0191
"Metals & Mining";N;11;11;11;11;11;11;11;11;11;11;11
"Metals & Mining";Pos:Neg;4:7;4:7;6:5;8:3;6:5;7:4;5:6;4:7;4:7;10:1;10:1
"Metals & Mining";"Patell Z";-0.0589;-0.0589;0.5594;1.4759;0.129;-4.0352;2.5918;-0.0589;-0.0589;-7.9815;4.0338
"Metals & Mining";"Patell Z P-Values";0.953;0.953;0.5759;0.14;0.8974;0.0001;0.0095;0.953;0.953;1.4453E-15;0.0001
"Metals & Mining";"Generalized Sign Z";;;;;;;;;;;
"Metals & Mining";"Generalized Sign Z P-Values";;;;;;;;;;;
"Metals & Mining";"Sign Z";;;;;;;;;;;
"Metals & Mining";"Sign Z P-Values";;;;;;;;;;;
"Metals & Mining";"Csect T";-0.6714;-0.6714;0.2913;1.7983;0.0644;-0.5847;1.1833;-0.6714;-0.6714;-0.5762;0.6222
"Metals & Mining";"Csect T P-Values";0.5172;0.5172;0.7768;0.1023;0.9499;0.5717;0.2641;0.5172;0.5172;0.5772;0.5478
"Metals & Mining";"StdCSect T";-0.9779;-0.9779;0.3356;1.8875;0.112;-0.5367;1.1617;-0.9779;-0.9779;-0.5665;0.7368
"Metals & Mining";"StdCSect T P-Values";0.3512;0.3512;0.7441;0.0884;0.9131;0.6032;0.2723;0.3512;0.3512;0.5835;0.4782
"Metals & Mining";"Rank Z";;;;;;;;;;;
"Metals & Mining";"Rank Z P-Values";;;;;;;;;;;
"Metals & Mining";"Generalized Rank T";;;;;;;;;;;
"Metals & Mining";"Generalized Rank T P-Values";;;;;;;;;;;
"Metals & Mining";"Generalized Rank Z";;;;;;;;;;;
"Metals & Mining";"Generalized Rank Z P-Values";;;;;;;;;;;
"Metals & Mining";"Adjusted Patell Z";;;;;;;;;;;
"Metals & Mining";"Adjusted Patell Z P-Values";;;;;;;;;;;
"Metals & Mining";"Adjusted StdCSect T";;;;;;;;;;;
"Metals & Mining";"Adjusted StdCSect T P-Values";;;;;;;;;;;
"Metals & Mining";"Skewness-Corrected T";;;;;;;;;;;
"Metals & Mining";"Skewness-Corrected T P-Values";;;;;;;;;;;
"Metals & Mining";"CDA T";;;;;;;;;;;
"Metals & Mining";"CDA T P-Values";;;;;;;;;;;
"Metals & Mining";Wilcoxon;;;;;;;;;;;
"Metals & Mining";"Wilcoxon P-Values";;;;;;;;;;;
"Electrical Equipment";"Average Abnormal Return (AAR)";0.001;0.001;-0.0022;-0.0038;0.0009;0.0632;-0.012;0.001;0.001;0.0543;0.0052
"Electrical Equipment";N;8;8;8;8;8;8;8;8;8;8;8
"Electrical Equipment";Pos:Neg;5:3;5:3;3:5;3:5;5:3;7:1;2:6;5:3;5:3;7:1;6:2
"Electrical Equipment";"Patell Z";0.1311;0.1311;-1.3052;-1.0066;0.0959;8.8525;-1.9953;0.1311;0.1311;6.902;1.4198
"Electrical Equipment";"Patell Z P-Values";0.8957;0.8957;0.1918;0.3141;0.9236;8.5593E-19;0.046;0.8957;0.8957;5.1268E-12;0.1557
"Electrical Equipment";"Generalized Sign Z";;;;;;;;;;;
"Electrical Equipment";"Generalized Sign Z P-Values";;;;;;;;;;;
"Electrical Equipment";"Sign Z";;;;;;;;;;;
"Electrical Equipment";"Sign Z P-Values";;;;;;;;;;;
"Electrical Equipment";"Csect T";2.1008;2.1008;-0.4499;-1.1884;0.461;2.8415;-1.697;2.1008;2.1008;2.4482;0.8363
"Electrical Equipment";"Csect T P-Values";0.0738;0.0738;0.6664;0.2734;0.6588;0.025;0.1335;0.0738;0.0738;0.0442;0.4306
"Electrical Equipment";"StdCSect T";2.2188;2.2188;-1.1543;-1.5966;0.1745;4.4968;-1.6808;2.2188;2.2188;3.1697;1.0516
"Electrical Equipment";"StdCSect T P-Values";0.062;0.062;0.2863;0.1544;0.8664;0.0028;0.1367;0.062;0.062;0.0157;0.3279
"Electrical Equipment";"Rank Z";;;;;;;;;;;
"Electrical Equipment";"Rank Z P-Values";;;;;;;;;;;
"Electrical Equipment";"Generalized Rank T";;;;;;;;;;;
"Electrical Equipment";"Generalized Rank T P-Values";;;;;;;;;;;
"Electrical Equipment";"Generalized Rank Z";;;;;;;;;;;
"Electrical Equipment";"Generalized Rank Z P-Values";;;;;;;;;;;
"Electrical Equipment";"Adjusted Patell Z";;;;;;;;;;;
"Electrical Equipment";"Adjusted Patell Z P-Values";;;;;;;;;;;
"Electrical Equipment";"Adjusted StdCSect T";;;;;;;;;;;
"Electrical Equipment";"Adjusted StdCSect T P-Values";;;;;;;;;;;
"Electrical Equipment";"Skewness-Corrected T";;;;;;;;;;;
"Electrical Equipment";"Skewness-Corrected T P-Values";;;;;;;;;;;
"Electrical Equipment";"CDA T";;;;;;;;;;;
"Electrical Equipment";"CDA T P-Values";;;;;;;;;;;
"Electrical Equipment";Wilcoxon;;;;;;;;;;;
"Electrical Equipment";"Wilcoxon P-Values";;;;;;;;;;;
"Capital Markets";"Average Abnormal Return (AAR)";0.0005;0.0005;0.0018;-0.012;-0.0035;-0.008;-0.0086;0.0005;0.0005;0.0014;-0.0112
"Capital Markets";N;23;23;23;23;23;23;23;23;23;23;23
"Capital Markets";Pos:Neg;17:6;17:6;12:11;8:15;11:12;7:16;8:15;17:6;17:6;13:10;9:14
"Capital Markets";"Patell Z";0.148;0.148;1.0675;-5.064;-0.7747;-3.9892;-2.319;0.148;0.148;0.4666;-4.4435
"Capital Markets";"Patell Z P-Values";0.8823;0.8823;0.2858;4.1057E-7;0.4385;0.0001;0.0204;0.8823;0.8823;0.6408;8.8501E-6
"Capital Markets";"Generalized Sign Z";;;;;;;;;;;
"Capital Markets";"Generalized Sign Z P-Values";;;;;;;;;;;
"Capital Markets";"Sign Z";;;;;;;;;;;
"Capital Markets";"Sign Z P-Values";;;;;;;;;;;
"Capital Markets";"Csect T";1.8904;1.8904;0.7126;-1.4355;-1.2226;-1.0747;-1.2901;1.8904;1.8904;0.337;-2.5594
"Capital Markets";"Csect T P-Values";0.0719;0.0719;0.4836;0.1652;0.2344;0.2941;0.2104;0.0719;0.0719;0.7393;0.0179
"Capital Markets";"StdCSect T";1.6248;1.6248;1.0388;-1.7993;-0.9086;-1.49;-1.2953;1.6248;1.6248;0.326;-2.6802
"Capital Markets";"StdCSect T P-Values";0.1184;0.1184;0.3102;0.0857;0.3734;0.1504;0.2087;0.1184;0.1184;0.7475;0.0137
"Capital Markets";"Rank Z";;;;;;;;;;;
"Capital Markets";"Rank Z P-Values";;;;;;;;;;;
"Capital Markets";"Generalized Rank T";;;;;;;;;;;
"Capital Markets";"Generalized Rank T P-Values";;;;;;;;;;;
"Capital Markets";"Generalized Rank Z";;;;;;;;;;;
"Capital Markets";"Generalized Rank Z P-Values";;;;;;;;;;;
"Capital Markets";"Adjusted Patell Z";;;;;;;;;;;
"Capital Markets";"Adjusted Patell Z P-Values";;;;;;;;;;;
"Capital Markets";"Adjusted StdCSect T";;;;;;;;;;;
"Capital Markets";"Adjusted StdCSect T P-Values";;;;;;;;;;;
"Capital Markets";"Skewness-Corrected T";;;;;;;;;;;
"Capital Markets";"Skewness-Corrected T P-Values";;;;;;;;;;;
"Capital Markets";"CDA T";;;;;;;;;;;
"Capital Markets";"CDA T P-Values";;;;;;;;;;;
"Capital Markets";Wilcoxon;;;;;;;;;;;
"Capital Markets";"Wilcoxon P-Values";;;;;;;;;;;
Beverages;"Average Abnormal Return (AAR)";0;0;-0.0195;-0.0102;-0.0053;-0.0046;0.0183;0;0;-0.0298;-0.0124
Beverages;N;11;11;11;11;11;11;11;11;11;11;11
Beverages;Pos:Neg;4:7;4:7;1:10;4:7;7:4;3:8;11:0;4:7;4:7;1:10;3:8
Beverages;"Patell Z";0.0258;0.0258;-5.5081;-3.0508;-1.8488;-1.5918;5.2081;0.0258;0.0258;-8.4672;-3.5544
Beverages;"Patell Z P-Values";0.9794;0.9794;3.627E-8;0.0023;0.0645;0.1114;1.9078E-7;0.9794;0.9794;2.5126E-17;0.0004
Beverages;"Generalized Sign Z";;;;;;;;;;;
Beverages;"Generalized Sign Z P-Values";;;;;;;;;;;
Beverages;"Sign Z";;;;;;;;;;;
Beverages;"Sign Z P-Values";;;;;;;;;;;
Beverages;"Csect T";0;0;-4.9913;-1.8093;-0.5466;-0.7717;6.012;0;0;-2.9107;-2.5391
Beverages;"Csect T P-Values";1;1;0.0005;0.1005;0.5966;0.4581;0.0001;1;1;0.0155;0.0294
Beverages;"StdCSect T";0.424;0.424;-4.6276;-1.6972;-0.5861;-0.8824;6.0843;0.424;0.424;-2.6856;-2.4872
Beverages;"StdCSect T P-Values";0.6805;0.6805;0.0009;0.1205;0.5708;0.3983;0.0001;0.6805;0.6805;0.0229;0.0321
Beverages;"Rank Z";;;;;;;;;;;
Beverages;"Rank Z P-Values";;;;;;;;;;;
Beverages;"Generalized Rank T";;;;;;;;;;;
Beverages;"Generalized Rank T P-Values";;;;;;;;;;;
Beverages;"Generalized Rank Z";;;;;;;;;;;
Beverages;"Generalized Rank Z P-Values";;;;;;;;;;;
Beverages;"Adjusted Patell Z";;;;;;;;;;;
Beverages;"Adjusted Patell Z P-Values";;;;;;;;;;;
Beverages;"Adjusted StdCSect T";;;;;;;;;;;
Beverages;"Adjusted StdCSect T P-Values";;;;;;;;;;;
Beverages;"Skewness-Corrected T";;;;;;;;;;;
Beverages;"Skewness-Corrected T P-Values";;;;;;;;;;;
Beverages;"CDA T";;;;;;;;;;;
Beverages;"CDA T P-Values";;;;;;;;;;;
Beverages;Wilcoxon;;;;;;;;;;;
Beverages;"Wilcoxon P-Values";;;;;;;;;;;
Banks;"Average Abnormal Return (AAR)";-0.0007;-0.0007;-0.005;-0.0093;-0.0083;-0.0557;0.0102;-0.0007;-0.0007;-0.0378;-0.0387
Banks;N;37;37;37;37;37;37;37;37;37;37;37
Banks;Pos:Neg;8:29;8:29;12:25;10:27;12:25;1:36;24:13;8:29;8:29;4:33;2:35
Banks;"Patell Z";-0.3005;-0.3005;-2.1769;-3.9496;-3.2646;-23.6587;3.3768;-0.3005;-0.3005;-17.6616;-17.7977
Banks;"Patell Z P-Values";0.7638;0.7638;0.0295;0.0001;0.0011;9.6113E-124;0.0007;0.7638;0.7638;8.2884E-70;7.3691E-71
Banks;"Generalized Sign Z";;;;;;;;;;;
Banks;"Generalized Sign Z P-Values";;;;;;;;;;;
Banks;"Sign Z";;;;;;;;;;;
Banks;"Sign Z P-Values";;;;;;;;;;;
Banks;"Csect T";-4.0655;-4.0655;-1.9056;-3.2131;-3.1442;-7.1047;2.0314;-4.0655;-4.0655;-6.1492;-8.4082
Banks;"Csect T P-Values";0.0002;0.0002;0.0647;0.0028;0.0033;2.3941E-8;0.0496;0.0002;0.0002;4.3933E-7;5.1426E-10
Banks;"StdCSect T";-4.0321;-4.0321;-1.994;-3.4472;-3.0412;-8.3912;1.6451;-4.0321;-4.0321;-6.0818;-7.5452
Banks;"StdCSect T P-Values";0.0003;0.0003;0.0538;0.0015;0.0044;5.4001E-10;0.1086;0.0003;0.0003;5.4036E-7;6.4097E-9
Banks;"Rank Z";;;;;;;;;;;
Banks;"Rank Z P-Values";;;;;;;;;;;
Banks;"Generalized Rank T";;;;;;;;;;;
Banks;"Generalized Rank T P-Values";;;;;;;;;;;
Banks;"Generalized Rank Z";;;;;;;;;;;
Banks;"Generalized Rank Z P-Values";;;;;;;;;;;
Banks;"Adjusted Patell Z";;;;;;;;;;;
Banks;"Adjusted Patell Z P-Values";;;;;;;;;;;
Banks;"Adjusted StdCSect T";;;;;;;;;;;
Banks;"Adjusted StdCSect T P-Values";;;;;;;;;;;
Banks;"Skewness-Corrected T";;;;;;;;;;;
Banks;"Skewness-Corrected T P-Values";;;;;;;;;;;
Banks;"CDA T";;;;;;;;;;;
Banks;"CDA T P-Values";;;;;;;;;;;
Banks;Wilcoxon;;;;;;;;;;;
Banks;"Wilcoxon P-Values";;;;;;;;;;;
"Hotels, Restaurants & Leisure";"Average Abnormal Return (AAR)";0.0016;0.0016;-0.0033;0.0062;-0.0059;0.021;-0.0212;0.0016;0.0016;0.0267;-0.0181
"Hotels, Restaurants & Leisure";N;16;16;16;16;16;16;16;16;16;16;16
"Hotels, Restaurants & Leisure";Pos:Neg;10:6;10:6;7:9;11:5;6:10;12:4;1:15;10:6;10:6;10:6;5:11
"Hotels, Restaurants & Leisure";"Patell Z";0.2614;0.2614;-0.886;1.7534;-1.0388;3.2915;-3.9274;0.2614;0.2614;4.6959;-4.8777
"Hotels, Restaurants & Leisure";"Patell Z P-Values";0.7938;0.7938;0.3756;0.0795;0.2989;0.001;0.0001;0.7938;0.7938;2.6546E-6;1.0736E-6
"Hotels, Restaurants & Leisure";"Generalized Sign Z";;;;;;;;;;;
"Hotels, Restaurants & Leisure";"Generalized Sign Z P-Values";;;;;;;;;;;
"Hotels, Restaurants & Leisure";"Sign Z";;;;;;;;;;;
"Hotels, Restaurants & Leisure";"Sign Z P-Values";;;;;;;;;;;
"Hotels, Restaurants & Leisure";"Csect T";2.3346;2.3346;-0.8027;1.1819;-1.386;2.6299;-3.8895;2.3346;2.3346;2.4783;-2.1612
"Hotels, Restaurants & Leisure";"Csect T P-Values";0.0339;0.0339;0.4347;0.2557;0.186;0.0189;0.0015;0.0339;0.0339;0.0256;0.0473
"Hotels, Restaurants & Leisure";"StdCSect T";2.5489;2.5489;-0.9351;1.5212;-1.2844;2.266;-4.5254;2.5489;2.5489;2.587;-2.6685
"Hotels, Restaurants & Leisure";"StdCSect T P-Values";0.0222;0.0222;0.3646;0.149;0.2185;0.0387;0.0004;0.0222;0.0222;0.0206;0.0175
"Hotels, Restaurants & Leisure";"Rank Z";;;;;;;;;;;
"Hotels, Restaurants & Leisure";"Rank Z P-Values";;;;;;;;;;;
"Hotels, Restaurants & Leisure";"Generalized Rank T";;;;;;;;;;;
"Hotels, Restaurants & Leisure";"Generalized Rank T P-Values";;;;;;;;;;;
"Hotels, Restaurants & Leisure";"Generalized Rank Z";;;;;;;;;;;
"Hotels, Restaurants & Leisure";"Generalized Rank Z P-Values";;;;;;;;;;;
"Hotels, Restaurants & Leisure";"Adjusted Patell Z";;;;;;;;;;;
"Hotels, Restaurants & Leisure";"Adjusted Patell Z P-Values";;;;;;;;;;;
"Hotels, Restaurants & Leisure";"Adjusted StdCSect T";;;;;;;;;;;
"Hotels, Restaurants & Leisure";"Adjusted StdCSect T P-Values";;;;;;;;;;;
"Hotels, Restaurants & Leisure";"Skewness-Corrected T";;;;;;;;;;;
"Hotels, Restaurants & Leisure";"Skewness-Corrected T P-Values";;;;;;;;;;;
"Hotels, Restaurants & Leisure";"CDA T";;;;;;;;;;;
"Hotels, Restaurants & Leisure";"CDA T P-Values";;;;;;;;;;;
"Hotels, Restaurants & Leisure";Wilcoxon;;;;;;;;;;;
"Hotels, Restaurants & Leisure";"Wilcoxon P-Values";;;;;;;;;;;
"Construction & Engineering";"Average Abnormal Return (AAR)";-0.0002;-0.0002;-0.005;-0.0078;-0.0068;-0.0085;0.0039;-0.0002;-0.0002;0.0014;-0.0068
"Construction & Engineering";N;8;8;8;8;8;8;8;8;8;8;8
"Construction & Engineering";Pos:Neg;4:4;4:4;1:7;2:6;3:5;2:6;5:3;4:4;4:4;4:4;2:6
"Construction & Engineering";"Patell Z";-0.0805;-0.0805;-1.4556;-2.658;-1.4621;-2.6639;1.541;-0.0805;-0.0805;-0.2732;-2.0268
"Construction & Engineering";"Patell Z P-Values";0.9358;0.9358;0.1455;0.0079;0.1437;0.0077;0.1233;0.9358;0.9358;0.7847;0.0427
"Construction & Engineering";"Generalized Sign Z";;;;;;;;;;;
"Construction & Engineering";"Generalized Sign Z P-Values";;;;;;;;;;;
"Construction & Engineering";"Sign Z";;;;;;;;;;;
"Construction & Engineering";"Sign Z P-Values";;;;;;;;;;;
"Construction & Engineering";"Csect T";-0.7313;-0.7313;-1.684;-1.6582;-1.1535;-1.8216;0.6485;-0.7313;-0.7313;0.2359;-1.9623
"Construction & Engineering";"Csect T P-Values";0.4884;0.4884;0.136;0.1412;0.2866;0.1113;0.5373;0.4884;0.4884;0.8203;0.0905
"Construction & Engineering";"StdCSect T";-1.0244;-1.0244;-1.7255;-2.2588;-1.0837;-2.3292;1.021;-1.0244;-1.0244;-0.1975;-2.0343
"Construction & Engineering";"StdCSect T P-Values";0.3397;0.3397;0.1281;0.0584;0.3144;0.0527;0.3412;0.3397;0.3397;0.8491;0.0814
"Construction & Engineering";"Rank Z";;;;;;;;;;;
"Construction & Engineering";"Rank Z P-Values";;;;;;;;;;;
"Construction & Engineering";"Generalized Rank T";;;;;;;;;;;
"Construction & Engineering";"Generalized Rank T P-Values";;;;;;;;;;;
"Construction & Engineering";"Generalized Rank Z";;;;;;;;;;;
"Construction & Engineering";"Generalized Rank Z P-Values";;;;;;;;;;;
"Construction & Engineering";"Adjusted Patell Z";;;;;;;;;;;
"Construction & Engineering";"Adjusted Patell Z P-Values";;;;;;;;;;;
"Construction & Engineering";"Adjusted StdCSect T";;;;;;;;;;;
"Construction & Engineering";"Adjusted StdCSect T P-Values";;;;;;;;;;;
"Construction & Engineering";"Skewness-Corrected T";;;;;;;;;;;
"Construction & Engineering";"Skewness-Corrected T P-Values";;;;;;;;;;;
"Construction & Engineering";"CDA T";;;;;;;;;;;
"Construction & Engineering";"CDA T P-Values";;;;;;;;;;;
"Construction & Engineering";Wilcoxon;;;;;;;;;;;
"Construction & Engineering";"Wilcoxon P-Values";;;;;;;;;;;
"Consumer Staples Distribution & Retail";"Average Abnormal Return (AAR)";0.0012;0.0012;-0.0075;-0.0081;-0.0009;0.0033;0.0067;0.0012;0.0012;0.0162;-0.0132
"Consumer Staples Distribution & Retail";N;12;12;12;12;12;12;12;12;12;12;12
"Consumer Staples Distribution & Retail";Pos:Neg;7:5;7:5;3:9;4:8;7:5;6:6;9:3;7:5;7:5;10:2;2:10
"Consumer Staples Distribution & Retail";"Patell Z";0.1458;0.1458;-2.3444;-1.6638;0.5742;-1.2456;2.0896;0.1458;0.1458;3.3673;-2.399
"Consumer Staples Distribution & Retail";"Patell Z P-Values";0.8841;0.8841;0.0191;0.0962;0.5658;0.2129;0.0367;0.8841;0.8841;0.0008;0.0164
"Consumer Staples Distribution & Retail";"Generalized Sign Z";;;;;;;;;;;
"Consumer Staples Distribution & Retail";"Generalized Sign Z P-Values";;;;;;;;;;;
"Consumer Staples Distribution & Retail";"Sign Z";;;;;;;;;;;
"Consumer Staples Distribution & Retail";"Sign Z P-Values";;;;;;;;;;;
"Consumer Staples Distribution & Retail";"Csect T";2.0374;2.0374;-2.0993;-2.2807;-0.1775;0.3048;1.0438;2.0374;2.0374;3.9898;-1.9571
"Consumer Staples Distribution & Retail";"Csect T P-Values";0.0664;0.0664;0.0597;0.0435;0.8623;0.7662;0.319;0.0664;0.0664;0.0021;0.0762
"Consumer Staples Distribution & Retail";"StdCSect T";1.6362;1.6362;-2.2737;-2.4122;0.7068;-0.6338;1.659;1.6362;1.6362;4.1741;-1.9206
"Consumer Staples Distribution & Retail";"StdCSect T P-Values";0.1301;0.1301;0.044;0.0345;0.4944;0.5392;0.1253;0.1301;0.1301;0.0016;0.0811
"Consumer Staples Distribution & Retail";"Rank Z";;;;;;;;;;;
"Consumer Staples Distribution & Retail";"Rank Z P-Values";;;;;;;;;;;
"Consumer Staples Distribution & Retail";"Generalized Rank T";;;;;;;;;;;
"Consumer Staples Distribution & Retail";"Generalized Rank T P-Values";;;;;;;;;;;
"Consumer Staples Distribution & Retail";"Generalized Rank Z";;;;;;;;;;;
"Consumer Staples Distribution & Retail";"Generalized Rank Z P-Values";;;;;;;;;;;
"Consumer Staples Distribution & Retail";"Adjusted Patell Z";;;;;;;;;;;
"Consumer Staples Distribution & Retail";"Adjusted Patell Z P-Values";;;;;;;;;;;
"Consumer Staples Distribution & Retail";"Adjusted StdCSect T";;;;;;;;;;;
"Consumer Staples Distribution & Retail";"Adjusted StdCSect T P-Values";;;;;;;;;;;
"Consumer Staples Distribution & Retail";"Skewness-Corrected T";;;;;;;;;;;
"Consumer Staples Distribution & Retail";"Skewness-Corrected T P-Values";;;;;;;;;;;
"Consumer Staples Distribution & Retail";"CDA T";;;;;;;;;;;
"Consumer Staples Distribution & Retail";"CDA T P-Values";;;;;;;;;;;
"Consumer Staples Distribution & Retail";Wilcoxon;;;;;;;;;;;
"Consumer Staples Distribution & Retail";"Wilcoxon P-Values";;;;;;;;;;;
"Interactive Media & Services";"Average Abnormal Return (AAR)";0.0023;0.0023;0.0073;0.0169;-0.0032;0.055;0.0061;0.0023;0.0023;0.0497;0.0343
"Interactive Media & Services";N;5;5;5;5;5;5;5;5;5;5;5
"Interactive Media & Services";Pos:Neg;4:1;4:1;4:1;4:1;2:3;5:0;4:1;4:1;4:1;5:0;5:0
"Interactive Media & Services";"Patell Z";0.2565;0.2565;0.8649;2.0862;-0.3743;6.3159;0.6958;0.2565;0.2565;6.2543;4.4477
"Interactive Media & Services";"Patell Z P-Values";0.7976;0.7976;0.3871;0.037;0.7082;2.6852E-10;0.4866;0.7976;0.7976;3.9919E-10;8.6787E-6
"Interactive Media & Services";"Generalized Sign Z";;;;;;;;;;;
"Interactive Media & Services";"Generalized Sign Z P-Values";;;;;;;;;;;
"Interactive Media & Services";"Sign Z";;;;;;;;;;;
"Interactive Media & Services";"Sign Z P-Values";;;;;;;;;;;
"Interactive Media & Services";"Csect T";1.9315;1.9315;1.0367;2.6487;-0.484;3.3036;2.4254;1.9315;1.9315;3.0738;3.8106
"Interactive Media & Services";"Csect T P-Values";0.1256;0.1256;0.3584;0.0571;0.6537;0.0298;0.0723;0.1256;0.1256;0.0372;0.0189
"Interactive Media & Services";"StdCSect T";2.0609;2.0609;1.0028;3.1641;-0.5361;5.3642;2.7485;2.0609;2.0609;3.8279;3.5779
"Interactive Media & Services";"StdCSect T P-Values";0.1083;0.1083;0.3727;0.034;0.6203;0.0058;0.0515;0.1083;0.1083;0.0187;0.0232
"Interactive Media & Services";"Rank Z";;;;;;;;;;;
"Interactive Media & Services";"Rank Z P-Values";;;;;;;;;;;
"Interactive Media & Services";"Generalized Rank T";;;;;;;;;;;
"Interactive Media & Services";"Generalized Rank T P-Values";;;;;;;;;;;
"Interactive Media & Services";"Generalized Rank Z";;;;;;;;;;;
"Interactive Media & Services";"Generalized Rank Z P-Values";;;;;;;;;;;
"Interactive Media & Services";"Adjusted Patell Z";;;;;;;;;;;
"Interactive Media & Services";"Adjusted Patell Z P-Values";;;;;;;;;;;
"Interactive Media & Services";"Adjusted StdCSect T";;;;;;;;;;;
"Interactive Media & Services";"Adjusted StdCSect T P-Values";;;;;;;;;;;
"Interactive Media & Services";"Skewness-Corrected T";;;;;;;;;;;
"Interactive Media & Services";"Skewness-Corrected T P-Values";;;;;;;;;;;
"Interactive Media & Services";"CDA T";;;;;;;;;;;
"Interactive Media & Services";"CDA T P-Values";;;;;;;;;;;
"Interactive Media & Services";Wilcoxon;;;;;;;;;;;
"Interactive Media & Services";"Wilcoxon P-Values";;;;;;;;;;;
"Professional Services";"Average Abnormal Return (AAR)";0.0006;0.0006;-0.0025;0.0022;0.0056;0.0092;-0.0099;0.0006;0.0006;0.0092;0.0047
"Professional Services";N;12;12;12;12;12;12;12;12;12;12;12
"Professional Services";Pos:Neg;9:3;9:3;7:5;8:4;11:1;8:4;2:10;9:3;9:3;9:3;8:4
"Professional Services";"Patell Z";0.1767;0.1767;-0.8496;0.9988;2.1864;3.3583;-2.7865;0.1767;0.1767;3.6029;2.5301
"Professional Services";"Patell Z P-Values";0.8597;0.8597;0.3956;0.3179;0.0288;0.0008;0.0053;0.8597;0.8597;0.0003;0.0114
"Professional Services";"Generalized Sign Z";;;;;;;;;;;
"Professional Services";"Generalized Sign Z P-Values";;;;;;;;;;;
"Professional Services";"Sign Z";;;;;;;;;;;
"Professional Services";"Sign Z P-Values";;;;;;;;;;;
"Professional Services";"Csect T";2.0447;2.0447;-0.617;0.4878;1.8657;1.9333;-2.9709;2.0447;2.0447;1.7777;0.6871
"Professional Services";"Csect T P-Values";0.0656;0.0656;0.5498;0.6353;0.089;0.0793;0.0127;0.0656;0.0656;0.1031;0.5063
"Professional Services";"StdCSect T";2.2753;2.2753;-0.7145;0.7465;2.0293;2.0327;-2.6896;2.2753;2.2753;2.0776;1.1045
"Professional Services";"StdCSect T P-Values";0.0439;0.0439;0.4898;0.471;0.0673;0.0669;0.021;0.0439;0.0439;0.062;0.2929
"Professional Services";"Rank Z";;;;;;;;;;;
"Professional Services";"Rank Z P-Values";;;;;;;;;;;
"Professional Services";"Generalized Rank T";;;;;;;;;;;
"Professional Services";"Generalized Rank T P-Values";;;;;;;;;;;
"Professional Services";"Generalized Rank Z";;;;;;;;;;;
"Professional Services";"Generalized Rank Z P-Values";;;;;;;;;;;
"Professional Services";"Adjusted Patell Z";;;;;;;;;;;
"Professional Services";"Adjusted Patell Z P-Values";;;;;;;;;;;
"Professional Services";"Adjusted StdCSect T";;;;;;;;;;;
"Professional Services";"Adjusted StdCSect T P-Values";;;;;;;;;;;
"Professional Services";"Skewness-Corrected T";;;;;;;;;;;
"Professional Services";"Skewness-Corrected T P-Values";;;;;;;;;;;
"Professional Services";"CDA T";;;;;;;;;;;
"Professional Services";"CDA T P-Values";;;;;;;;;;;
"Professional Services";Wilcoxon;;;;;;;;;;;
"Professional Services";"Wilcoxon P-Values";;;;;;;;;;;
Insurance;"Average Abnormal Return (AAR)";-0.0009;-0.0009;-0.0009;-0.0043;0.0011;-0.0211;0.0052;-0.0009;-0.0009;-0.0118;-0.0137
Insurance;N;29;29;29;29;29;29;29;29;29;29;29
Insurance;Pos:Neg;4:25;4:25;15:14;6:23;15:14;6:23;21:8;4:25;4:25;9:20;6:23
Insurance;"Patell Z";-0.4801;-0.4801;-0.6237;-3.084;0.932;-11.1083;1.8168;-0.4801;-0.4801;-6.1691;-7.858
Insurance;"Patell Z P-Values";0.6312;0.6312;0.5328;0.002;0.3513;1.1429E-28;0.0692;0.6312;0.6312;6.8689E-10;3.9023E-15
Insurance;"Generalized Sign Z";;;;;;;;;;;
Insurance;"Generalized Sign Z P-Values";;;;;;;;;;;
Insurance;"Sign Z";;;;;;;;;;;
Insurance;"Sign Z P-Values";;;;;;;;;;;
Insurance;"Csect T";-5.0469;-5.0469;-0.4892;-2.1116;0.4589;-5.5131;1.2618;-5.0469;-5.0469;-3.3671;-3.9668
Insurance;"Csect T P-Values";0;0;0.6285;0.0438;0.6498;6.8354E-6;0.2174;0;0;0.0022;0.0005
Insurance;"StdCSect T";-5.174;-5.174;-0.5843;-2.3961;0.8098;-5.8389;0.7951;-5.174;-5.174;-3.1591;-3.6931
Insurance;"StdCSect T P-Values";0;0;0.5637;0.0235;0.4249;2.8254E-6;0.4333;0;0;0.0038;0.001
Insurance;"Rank Z";;;;;;;;;;;
Insurance;"Rank Z P-Values";;;;;;;;;;;
Insurance;"Generalized Rank T";;;;;;;;;;;
Insurance;"Generalized Rank T P-Values";;;;;;;;;;;
Insurance;"Generalized Rank Z";;;;;;;;;;;
Insurance;"Generalized Rank Z P-Values";;;;;;;;;;;
Insurance;"Adjusted Patell Z";;;;;;;;;;;
Insurance;"Adjusted Patell Z P-Values";;;;;;;;;;;
Insurance;"Adjusted StdCSect T";;;;;;;;;;;
Insurance;"Adjusted StdCSect T P-Values";;;;;;;;;;;
Insurance;"Skewness-Corrected T";;;;;;;;;;;
Insurance;"Skewness-Corrected T P-Values";;;;;;;;;;;
Insurance;"CDA T";;;;;;;;;;;
Insurance;"CDA T P-Values";;;;;;;;;;;
Insurance;Wilcoxon;;;;;;;;;;;
Insurance;"Wilcoxon P-Values";;;;;;;;;;;
"Transportation Infrastructure";"Average Abnormal Return (AAR)";-0.0005;-0.0005;0.0104;-0.0025;-0.0195;0.0018;0.0042;-0.0005;-0.0005;-0.0022;-0.0174
"Transportation Infrastructure";N;5;5;5;5;5;5;5;5;5;5;5
"Transportation Infrastructure";Pos:Neg;0:5;0:5;5:0;1:4;0:5;3:2;3:2;0:5;0:5;2:3;0:5
"Transportation Infrastructure";"Patell Z";-0.0877;-0.0877;2.0328;-0.1577;-3.5952;0.2472;1.2202;-0.0877;-0.0877;-0.5394;-3.3324
"Transportation Infrastructure";"Patell Z P-Values";0.9301;0.9301;0.0421;0.8747;0.0003;0.8047;0.2224;0.9301;0.9301;0.5896;0.0009
"Transportation Infrastructure";"Generalized Sign Z";;;;;;;;;;;
"Transportation Infrastructure";"Generalized Sign Z P-Values";;;;;;;;;;;
"Transportation Infrastructure";"Sign Z";;;;;;;;;;;
"Transportation Infrastructure";"Sign Z P-Values";;;;;;;;;;;
"Transportation Infrastructure";"Csect T";-2.5649;-2.5649;5.6513;-0.3952;-3.7217;0.6491;0.6581;-2.5649;-2.5649;-1.2951;-4.4255
"Transportation Infrastructure";"Csect T P-Values";0.0623;0.0623;0.0048;0.7129;0.0204;0.5516;0.5464;0.0623;0.0623;0.265;0.0115
"Transportation Infrastructure";"StdCSect T";-3.3195;-3.3195;5.3187;-0.1075;-4.639;0.5059;0.9297;-3.3195;-3.3195;-1.2564;-5.1304
"Transportation Infrastructure";"StdCSect T P-Values";0.0294;0.0294;0.006;0.9196;0.0097;0.6395;0.4051;0.0294;0.0294;0.2774;0.0068
"Transportation Infrastructure";"Rank Z";;;;;;;;;;;
"Transportation Infrastructure";"Rank Z P-Values";;;;;;;;;;;
"Transportation Infrastructure";"Generalized Rank T";;;;;;;;;;;
"Transportation Infrastructure";"Generalized Rank T P-Values";;;;;;;;;;;
"Transportation Infrastructure";"Generalized Rank Z";;;;;;;;;;;
"Transportation Infrastructure";"Generalized Rank Z P-Values";;;;;;;;;;;
"Transportation Infrastructure";"Adjusted Patell Z";;;;;;;;;;;
"Transportation Infrastructure";"Adjusted Patell Z P-Values";;;;;;;;;;;
"Transportation Infrastructure";"Adjusted StdCSect T";;;;;;;;;;;
"Transportation Infrastructure";"Adjusted StdCSect T P-Values";;;;;;;;;;;
"Transportation Infrastructure";"Skewness-Corrected T";;;;;;;;;;;
"Transportation Infrastructure";"Skewness-Corrected T P-Values";;;;;;;;;;;
"Transportation Infrastructure";"CDA T";;;;;;;;;;;
"Transportation Infrastructure";"CDA T P-Values";;;;;;;;;;;
"Transportation Infrastructure";Wilcoxon;;;;;;;;;;;
"Transportation Infrastructure";"Wilcoxon P-Values";;;;;;;;;;;
"Textiles, Apparel & Luxury Goods";"Average Abnormal Return (AAR)";0.0002;0.0002;0.0103;-0.0085;-0.0051;-0.0229;-0.0132;0.0002;0.0002;-0.0062;-0.0127
"Textiles, Apparel & Luxury Goods";N;14;14;14;14;14;14;14;14;14;14;14
"Textiles, Apparel & Luxury Goods";Pos:Neg;8:6;8:6;11:3;3:11;9:5;6:8;4:10;8:6;8:6;6:8;3:11
"Textiles, Apparel & Luxury Goods";"Patell Z";0.0714;0.0714;2.6684;-2.2518;-0.7802;-3.5499;-3.6182;0.0714;0.0714;-1.1367;-4.5999
"Textiles, Apparel & Luxury Goods";"Patell Z P-Values";0.9431;0.9431;0.0076;0.0243;0.4353;0.0004;0.0003;0.9431;0.9431;0.2557;4.2268E-6
"Textiles, Apparel & Luxury Goods";"Generalized Sign Z";;;;;;;;;;;
"Textiles, Apparel & Luxury Goods";"Generalized Sign Z P-Values";;;;;;;;;;;
"Textiles, Apparel & Luxury Goods";"Sign Z";;;;;;;;;;;
"Textiles, Apparel & Luxury Goods";"Sign Z P-Values";;;;;;;;;;;
"Textiles, Apparel & Luxury Goods";"Csect T";0.6977;0.6977;3.0754;-2.3354;-0.59;-1.0623;-3.2798;0.6977;0.6977;-0.6828;-1.5813
"Textiles, Apparel & Luxury Goods";"Csect T P-Values";0.4977;0.4977;0.0089;0.0362;0.5653;0.3074;0.006;0.4977;0.4977;0.5067;0.1378
"Textiles, Apparel & Luxury Goods";"StdCSect T";0.9491;0.9491;3.4139;-2.647;-0.5049;-1.0983;-2.6512;0.9491;0.9491;-0.7508;-2.3269
"Textiles, Apparel & Luxury Goods";"StdCSect T P-Values";0.3599;0.3599;0.0046;0.0201;0.6221;0.292;0.02;0.3599;0.3599;0.4662;0.0368
"Textiles, Apparel & Luxury Goods";"Rank Z";;;;;;;;;;;
"Textiles, Apparel & Luxury Goods";"Rank Z P-Values";;;;;;;;;;;
"Textiles, Apparel & Luxury Goods";"Generalized Rank T";;;;;;;;;;;
"Textiles, Apparel & Luxury Goods";"Generalized Rank T P-Values";;;;;;;;;;;
"Textiles, Apparel & Luxury Goods";"Generalized Rank Z";;;;;;;;;;;
"Textiles, Apparel & Luxury Goods";"Generalized Rank Z P-Values";;;;;;;;;;;
"Textiles, Apparel & Luxury Goods";"Adjusted Patell Z";;;;;;;;;;;
"Textiles, Apparel & Luxury Goods";"Adjusted Patell Z P-Values";;;;;;;;;;;
"Textiles, Apparel & Luxury Goods";"Adjusted StdCSect T";;;;;;;;;;;
"Textiles, Apparel & Luxury Goods";"Adjusted StdCSect T P-Values";;;;;;;;;;;
"Textiles, Apparel & Luxury Goods";"Skewness-Corrected T";;;;;;;;;;;
"Textiles, Apparel & Luxury Goods";"Skewness-Corrected T P-Values";;;;;;;;;;;
"Textiles, Apparel & Luxury Goods";"CDA T";;;;;;;;;;;
"Textiles, Apparel & Luxury Goods";"CDA T P-Values";;;;;;;;;;;
"Textiles, Apparel & Luxury Goods";Wilcoxon;;;;;;;;;;;
"Textiles, Apparel & Luxury Goods";"Wilcoxon P-Values";;;;;;;;;;;
"Health Care REITs";"Average Abnormal Return (AAR)";0.0013;0.0013;-0.0026;-0.0019;0.0205;0.0004;0.0293;0.0013;0.0013;-0.0068;-0.0081
"Health Care REITs";N;3;3;3;3;3;3;3;3;3;3;3
"Health Care REITs";Pos:Neg;3:0;3:0;1:2;1:2;3:0;2:1;3:0;3:0;3:0;1:2;1:2
"Health Care REITs";"Patell Z";0.2092;0.2092;-0.339;-0.2479;2.9892;0.1457;3.858;0.2092;0.2092;-0.5012;-0.9017
"Health Care REITs";"Patell Z P-Values";0.8343;0.8343;0.7346;0.8042;0.0028;0.8842;0.0001;0.8343;0.8343;0.6162;0.3672
"Health Care REITs";"Generalized Sign Z";;;;;;;;;;;
"Health Care REITs";"Generalized Sign Z P-Values";;;;;;;;;;;
"Health Care REITs";"Sign Z";;;;;;;;;;;
"Health Care REITs";"Sign Z P-Values";;;;;;;;;;;
"Health Care REITs";"Csect T";11.2583;11.2583;-1.6484;-0.9165;3.081;0.1546;2.5004;11.2583;11.2583;-0.6129;-1.2071
"Health Care REITs";"Csect T P-Values";0.0078;0.0078;0.241;0.4562;0.0912;0.8913;0.1296;0.0078;0.0078;0.6024;0.3508
"Health Care REITs";"StdCSect T";8.1313;8.1313;-1.4898;-0.7972;5.1939;0.4049;3.0011;8.1313;8.1313;-0.2578;-0.8639
"Health Care REITs";"StdCSect T P-Values";0.0148;0.0148;0.2747;0.509;0.0351;0.7247;0.0954;0.0148;0.0148;0.8206;0.4787
"Health Care REITs";"Rank Z";;;;;;;;;;;
"Health Care REITs";"Rank Z P-Values";;;;;;;;;;;
"Health Care REITs";"Generalized Rank T";;;;;;;;;;;
"Health Care REITs";"Generalized Rank T P-Values";;;;;;;;;;;
"Health Care REITs";"Generalized Rank Z";;;;;;;;;;;
"Health Care REITs";"Generalized Rank Z P-Values";;;;;;;;;;;
"Health Care REITs";"Adjusted Patell Z";;;;;;;;;;;
"Health Care REITs";"Adjusted Patell Z P-Values";;;;;;;;;;;
"Health Care REITs";"Adjusted StdCSect T";;;;;;;;;;;
"Health Care REITs";"Adjusted StdCSect T P-Values";;;;;;;;;;;
"Health Care REITs";"Skewness-Corrected T";;;;;;;;;;;
"Health Care REITs";"Skewness-Corrected T P-Values";;;;;;;;;;;
"Health Care REITs";"CDA T";;;;;;;;;;;
"Health Care REITs";"CDA T P-Values";;;;;;;;;;;
"Health Care REITs";Wilcoxon;;;;;;;;;;;
"Health Care REITs";"Wilcoxon P-Values";;;;;;;;;;;
"Health Care Equipment & Supplies";"Average Abnormal Return (AAR)";0.001;0.001;-0.0019;0.0228;0.0061;0.0252;-0.0113;0.001;0.001;0.0343;0.0143
"Health Care Equipment & Supplies";N;16;16;16;16;16;16;16;16;16;16;16
"Health Care Equipment & Supplies";Pos:Neg;13:3;13:3;8:8;13:3;11:5;13:3;4:12;13:3;13:3;14:2;12:4
"Health Care Equipment & Supplies";"Patell Z";0.2113;0.2113;-0.0601;5.5799;1.7791;6.0598;-3.3106;0.2113;0.2113;8.391;4.135
"Health Care Equipment & Supplies";"Patell Z P-Values";0.8327;0.8327;0.9521;2.4071E-8;0.0752;1.363E-9;0.0009;0.8327;0.8327;4.8184E-17;0
"Health Care Equipment & Supplies";"Generalized Sign Z";;;;;;;;;;;
"Health Care Equipment & Supplies";"Generalized Sign Z P-Values";;;;;;;;;;;
"Health Care Equipment & Supplies";"Sign Z";;;;;;;;;;;
"Health Care Equipment & Supplies";"Sign Z P-Values";;;;;;;;;;;
"Health Care Equipment & Supplies";"Csect T";3.6927;3.6927;-0.5946;3.8043;1.7485;3.9926;-2.6528;3.6927;3.6927;4.9541;2.3997
"Health Care Equipment & Supplies";"Csect T P-Values";0.0022;0.0022;0.561;0.0017;0.1008;0.0012;0.0181;0.0022;0.0022;0.0002;0.0298
"Health Care Equipment & Supplies";"StdCSect T";4.1902;4.1902;-0.0837;3.353;2.0846;4.1262;-2.8524;4.1902;4.1902;5.3646;2.7585
"Health Care Equipment & Supplies";"StdCSect T P-Values";0.0008;0.0008;0.9344;0.0044;0.0546;0.0009;0.0121;0.0008;0.0008;0.0001;0.0146
"Health Care Equipment & Supplies";"Rank Z";;;;;;;;;;;
"Health Care Equipment & Supplies";"Rank Z P-Values";;;;;;;;;;;
"Health Care Equipment & Supplies";"Generalized Rank T";;;;;;;;;;;
"Health Care Equipment & Supplies";"Generalized Rank T P-Values";;;;;;;;;;;
"Health Care Equipment & Supplies";"Generalized Rank Z";;;;;;;;;;;
"Health Care Equipment & Supplies";"Generalized Rank Z P-Values";;;;;;;;;;;
"Health Care Equipment & Supplies";"Adjusted Patell Z";;;;;;;;;;;
"Health Care Equipment & Supplies";"Adjusted Patell Z P-Values";;;;;;;;;;;
"Health Care Equipment & Supplies";"Adjusted StdCSect T";;;;;;;;;;;
"Health Care Equipment & Supplies";"Adjusted StdCSect T P-Values";;;;;;;;;;;
"Health Care Equipment & Supplies";"Skewness-Corrected T";;;;;;;;;;;
"Health Care Equipment & Supplies";"Skewness-Corrected T P-Values";;;;;;;;;;;
"Health Care Equipment & Supplies";"CDA T";;;;;;;;;;;
"Health Care Equipment & Supplies";"CDA T P-Values";;;;;;;;;;;
"Health Care Equipment & Supplies";Wilcoxon;;;;;;;;;;;
"Health Care Equipment & Supplies";"Wilcoxon P-Values";;;;;;;;;;;
"Specialty Retail";"Average Abnormal Return (AAR)";0.0013;0.0013;0.0067;-0.0029;-0.0255;0.0174;-0.0227;0.0013;0.0013;0.0091;-0.0263
"Specialty Retail";N;8;8;8;8;8;8;8;8;8;8;8
"Specialty Retail";Pos:Neg;6:2;6:2;5:3;2:6;1:7;6:2;0:8;6:2;6:2;4:4;1:7
"Specialty Retail";"Patell Z";0.1893;0.1893;0.9279;-1.0572;-4.1499;2.6469;-3.654;0.1893;0.1893;1.0667;-3.5203
"Specialty Retail";"Patell Z P-Values";0.8498;0.8498;0.3534;0.2904;0;0.0081;0.0003;0.8498;0.8498;0.2861;0.0004
"Specialty Retail";"Generalized Sign Z";;;;;;;;;;;
"Specialty Retail";"Generalized Sign Z P-Values";;;;;;;;;;;
"Specialty Retail";"Sign Z";;;;;;;;;;;
"Specialty Retail";"Sign Z P-Values";;;;;;;;;;;
"Specialty Retail";"Csect T";1.4927;1.4927;1.5182;-0.3791;-4.1026;1.8071;-3.1998;1.4927;1.4927;0.7469;-2.4973
"Specialty Retail";"Csect T P-Values";0.1792;0.1792;0.1728;0.7159;0.0046;0.1137;0.0151;0.1792;0.1792;0.4795;0.0412
"Specialty Retail";"StdCSect T";1.7738;1.7738;1.4943;-0.8655;-3.2139;2.0922;-2.5877;1.7738;1.7738;0.5807;-2.406
"Specialty Retail";"StdCSect T P-Values";0.1194;0.1194;0.1787;0.4154;0.0148;0.0747;0.0361;0.1194;0.1194;0.5797;0.0471
"Specialty Retail";"Rank Z";;;;;;;;;;;
"Specialty Retail";"Rank Z P-Values";;;;;;;;;;;
"Specialty Retail";"Generalized Rank T";;;;;;;;;;;
"Specialty Retail";"Generalized Rank T P-Values";;;;;;;;;;;
"Specialty Retail";"Generalized Rank Z";;;;;;;;;;;
"Specialty Retail";"Generalized Rank Z P-Values";;;;;;;;;;;
"Specialty Retail";"Adjusted Patell Z";;;;;;;;;;;
"Specialty Retail";"Adjusted Patell Z P-Values";;;;;;;;;;;
"Specialty Retail";"Adjusted StdCSect T";;;;;;;;;;;
"Specialty Retail";"Adjusted StdCSect T P-Values";;;;;;;;;;;
"Specialty Retail";"Skewness-Corrected T";;;;;;;;;;;
"Specialty Retail";"Skewness-Corrected T P-Values";;;;;;;;;;;
"Specialty Retail";"CDA T";;;;;;;;;;;
"Specialty Retail";"CDA T P-Values";;;;;;;;;;;
"Specialty Retail";Wilcoxon;;;;;;;;;;;
"Specialty Retail";"Wilcoxon P-Values";;;;;;;;;;;
"Aerospace & Defense";"Average Abnormal Return (AAR)";0;0;-0.0039;0.011;0.0042;0.0167;0.0098;0;0;0.0598;0.0033
"Aerospace & Defense";N;10;10;10;10;10;10;10;10;10;10;10
"Aerospace & Defense";Pos:Neg;4:6;4:6;3:7;8:2;7:3;7:3;7:3;4:6;4:6;7:3;5:5
"Aerospace & Defense";"Patell Z";-0.0085;-0.0085;-1.0356;2.4751;1.4907;6.1354;2.5572;-0.0085;-0.0085;19.4198;5.2306
"Aerospace & Defense";"Patell Z P-Values";0.9932;0.9932;0.3004;0.0133;0.1361;8.4931E-10;0.0106;0.9932;0.9932;5.2532E-84;1.6899E-7
"Aerospace & Defense";"Generalized Sign Z";;;;;;;;;;;
"Aerospace & Defense";"Generalized Sign Z P-Values";;;;;;;;;;;
"Aerospace & Defense";"Sign Z";;;;;;;;;;;
"Aerospace & Defense";"Sign Z P-Values";;;;;;;;;;;
"Aerospace & Defense";"Csect T";0;0;-1.2432;3.4043;2.3939;1.1092;1.5254;0;0;2.3633;0.1308
"Aerospace & Defense";"Csect T P-Values";1;1;0.2452;0.0078;0.0403;0.2961;0.1615;1;1;0.0424;0.8988
"Aerospace & Defense";"StdCSect T";-0.1742;-0.1742;-1.0691;3.0895;2.5327;1.6383;1.4386;-0.1742;-0.1742;2.4049;0.7289
"Aerospace & Defense";"StdCSect T P-Values";0.8655;0.8655;0.3128;0.0129;0.0321;0.1358;0.1841;0.8655;0.8655;0.0396;0.4846
"Aerospace & Defense";"Rank Z";;;;;;;;;;;
"Aerospace & Defense";"Rank Z P-Values";;;;;;;;;;;
"Aerospace & Defense";"Generalized Rank T";;;;;;;;;;;
"Aerospace & Defense";"Generalized Rank T P-Values";;;;;;;;;;;
"Aerospace & Defense";"Generalized Rank Z";;;;;;;;;;;
"Aerospace & Defense";"Generalized Rank Z P-Values";;;;;;;;;;;
"Aerospace & Defense";"Adjusted Patell Z";;;;;;;;;;;
"Aerospace & Defense";"Adjusted Patell Z P-Values";;;;;;;;;;;
"Aerospace & Defense";"Adjusted StdCSect T";;;;;;;;;;;
"Aerospace & Defense";"Adjusted StdCSect T P-Values";;;;;;;;;;;
"Aerospace & Defense";"Skewness-Corrected T";;;;;;;;;;;
"Aerospace & Defense";"Skewness-Corrected T P-Values";;;;;;;;;;;
"Aerospace & Defense";"CDA T";;;;;;;;;;;
"Aerospace & Defense";"CDA T P-Values";;;;;;;;;;;
"Aerospace & Defense";Wilcoxon;;;;;;;;;;;
"Aerospace & Defense";"Wilcoxon P-Values";;;;;;;;;;;
"Oil, Gas & Consumable Fuels";"Average Abnormal Return (AAR)";-0.0001;-0.0001;0.0041;-0.0029;-0.0049;0.0109;-0.0145;-0.0001;-0.0001;-0.0071;0.0259
"Oil, Gas & Consumable Fuels";N;13;13;13;13;13;13;13;13;13;13;13
"Oil, Gas & Consumable Fuels";Pos:Neg;4:9;4:9;7:6;4:9;2:11;7:6;1:12;4:9;4:9;8:5;8:5
"Oil, Gas & Consumable Fuels";"Patell Z";-0.0573;-0.0573;0.5913;-1.0187;-1.3545;1.6905;-2.8488;-0.0573;-0.0573;-2.4303;5.4985
"Oil, Gas & Consumable Fuels";"Patell Z P-Values";0.9543;0.9543;0.5543;0.3084;0.1756;0.0909;0.0044;0.9543;0.9543;0.0151;3.831E-8
"Oil, Gas & Consumable Fuels";"Generalized Sign Z";;;;;;;;;;;
"Oil, Gas & Consumable Fuels";"Generalized Sign Z P-Values";;;;;;;;;;;
"Oil, Gas & Consumable Fuels";"Sign Z";;;;;;;;;;;
"Oil, Gas & Consumable Fuels";"Sign Z P-Values";;;;;;;;;;;
"Oil, Gas & Consumable Fuels";"Csect T";-0.2909;-0.2909;0.8268;-0.6042;-1.4621;0.8434;-1.4432;-0.2909;-0.2909;-0.7731;1.8616
"Oil, Gas & Consumable Fuels";"Csect T P-Values";0.7761;0.7761;0.4245;0.557;0.1694;0.4155;0.1746;0.7761;0.7761;0.4544;0.0873
"Oil, Gas & Consumable Fuels";"StdCSect T";-0.7138;-0.7138;0.5855;-1.0015;-1.8547;0.67;-1.5189;-0.7138;-0.7138;-1.0059;1.9282
"Oil, Gas & Consumable Fuels";"StdCSect T P-Values";0.489;0.489;0.569;0.3364;0.0884;0.5156;0.1547;0.489;0.489;0.3343;0.0778
"Oil, Gas & Consumable Fuels";"Rank Z";;;;;;;;;;;
"Oil, Gas & Consumable Fuels";"Rank Z P-Values";;;;;;;;;;;
"Oil, Gas & Consumable Fuels";"Generalized Rank T";;;;;;;;;;;
"Oil, Gas & Consumable Fuels";"Generalized Rank T P-Values";;;;;;;;;;;
"Oil, Gas & Consumable Fuels";"Generalized Rank Z";;;;;;;;;;;
"Oil, Gas & Consumable Fuels";"Generalized Rank Z P-Values";;;;;;;;;;;
"Oil, Gas & Consumable Fuels";"Adjusted Patell Z";;;;;;;;;;;
"Oil, Gas & Consumable Fuels";"Adjusted Patell Z P-Values";;;;;;;;;;;
"Oil, Gas & Consumable Fuels";"Adjusted StdCSect T";;;;;;;;;;;
"Oil, Gas & Consumable Fuels";"Adjusted StdCSect T P-Values";;;;;;;;;;;
"Oil, Gas & Consumable Fuels";"Skewness-Corrected T";;;;;;;;;;;
"Oil, Gas & Consumable Fuels";"Skewness-Corrected T P-Values";;;;;;;;;;;
"Oil, Gas & Consumable Fuels";"CDA T";;;;;;;;;;;
"Oil, Gas & Consumable Fuels";"CDA T P-Values";;;;;;;;;;;
"Oil, Gas & Consumable Fuels";Wilcoxon;;;;;;;;;;;
"Oil, Gas & Consumable Fuels";"Wilcoxon P-Values";;;;;;;;;;;
"Broadline Retail";"Average Abnormal Return (AAR)";0.0012;0.0012;-0.0124;0.0112;-0.035;-0.0276;-0.0129;0.0012;0.0012;0.0504;-0.0011
"Broadline Retail";N;4;4;4;4;4;4;4;4;4;4;4
"Broadline Retail";Pos:Neg;4:0;4:0;2:2;2:2;0:4;2:2;1:3;4:0;4:0;4:0;2:2
"Broadline Retail";"Patell Z";0.1054;0.1054;-0.7859;0.7377;-3.4485;-1.0574;-2.0917;0.1054;0.1054;4.744;-0.04
"Broadline Retail";"Patell Z P-Values";0.9161;0.9161;0.432;0.4607;0.0006;0.2903;0.0365;0.9161;0.9161;2.0951E-6;0.9681
"Broadline Retail";"Generalized Sign Z";;;;;;;;;;;
"Broadline Retail";"Generalized Sign Z P-Values";;;;;;;;;;;
"Broadline Retail";"Sign Z";;;;;;;;;;;
"Broadline Retail";"Sign Z P-Values";;;;;;;;;;;
"Broadline Retail";"Csect T";1.9277;1.9277;-0.6789;0.9268;-2.636;-0.7489;-1.0711;1.9277;1.9277;2.005;-0.0933
"Broadline Retail";"Csect T P-Values";0.1495;0.1495;0.5459;0.4224;0.0779;0.5083;0.3626;0.1495;0.1495;0.1387;0.9315
"Broadline Retail";"StdCSect T";3.1837;3.1837;-0.3576;0.8672;-3.6173;-0.3986;-1.5752;3.1837;3.1837;3.3253;-0.0267
"Broadline Retail";"StdCSect T P-Values";0.05;0.05;0.7443;0.4496;0.0363;0.7169;0.2133;0.05;0.05;0.0449;0.9804
"Broadline Retail";"Rank Z";;;;;;;;;;;
"Broadline Retail";"Rank Z P-Values";;;;;;;;;;;
"Broadline Retail";"Generalized Rank T";;;;;;;;;;;
"Broadline Retail";"Generalized Rank T P-Values";;;;;;;;;;;
"Broadline Retail";"Generalized Rank Z";;;;;;;;;;;
"Broadline Retail";"Generalized Rank Z P-Values";;;;;;;;;;;
"Broadline Retail";"Adjusted Patell Z";;;;;;;;;;;
"Broadline Retail";"Adjusted Patell Z P-Values";;;;;;;;;;;
"Broadline Retail";"Adjusted StdCSect T";;;;;;;;;;;
"Broadline Retail";"Adjusted StdCSect T P-Values";;;;;;;;;;;
"Broadline Retail";"Skewness-Corrected T";;;;;;;;;;;
"Broadline Retail";"Skewness-Corrected T P-Values";;;;;;;;;;;
"Broadline Retail";"CDA T";;;;;;;;;;;
"Broadline Retail";"CDA T P-Values";;;;;;;;;;;
"Broadline Retail";Wilcoxon;;;;;;;;;;;
"Broadline Retail";"Wilcoxon P-Values";;;;;;;;;;;
"Life Sciences Tools & Services";"Average Abnormal Return (AAR)";0.002;0.002;0.0044;0.0145;0.0009;0.0183;-0.0021;0.002;0.002;0.0156;0.0221
"Life Sciences Tools & Services";N;12;12;12;12;12;12;12;12;12;12;12
"Life Sciences Tools & Services";Pos:Neg;12:0;12:0;6:6;9:3;6:6;10:2;5:7;12:0;12:0;9:3;11:1
"Life Sciences Tools & Services";"Patell Z";0.2962;0.2962;0.2459;1.9451;-0.3119;2.3525;0.3577;0.2962;0.2962;2.154;3.3689
"Life Sciences Tools & Services";"Patell Z P-Values";0.7671;0.7671;0.8057;0.0518;0.7551;0.0186;0.7206;0.7671;0.7671;0.0312;0.0008
"Life Sciences Tools & Services";"Generalized Sign Z";;;;;;;;;;;
"Life Sciences Tools & Services";"Generalized Sign Z P-Values";;;;;;;;;;;
"Life Sciences Tools & Services";"Sign Z";;;;;;;;;;;
"Life Sciences Tools & Services";"Sign Z P-Values";;;;;;;;;;;
"Life Sciences Tools & Services";"Csect T";5.3284;5.3284;0.6591;2.0869;0.1763;1.9543;-0.2902;5.3284;5.3284;2.4426;3.0869
"Life Sciences Tools & Services";"Csect T P-Values";0.0002;0.0002;0.5234;0.061;0.8632;0.0766;0.7771;0.0002;0.0002;0.0327;0.0103
"Life Sciences Tools & Services";"StdCSect T";6.8578;6.8578;0.2663;1.4761;-0.2454;2.0465;0.3222;6.8578;6.8578;1.8695;2.2769
"Life Sciences Tools & Services";"StdCSect T P-Values";0;0;0.7949;0.168;0.8106;0.0654;0.7534;0;0;0.0884;0.0438
"Life Sciences Tools & Services";"Rank Z";;;;;;;;;;;
"Life Sciences Tools & Services";"Rank Z P-Values";;;;;;;;;;;
"Life Sciences Tools & Services";"Generalized Rank T";;;;;;;;;;;
"Life Sciences Tools & Services";"Generalized Rank T P-Values";;;;;;;;;;;
"Life Sciences Tools & Services";"Generalized Rank Z";;;;;;;;;;;
"Life Sciences Tools & Services";"Generalized Rank Z P-Values";;;;;;;;;;;
"Life Sciences Tools & Services";"Adjusted Patell Z";;;;;;;;;;;
"Life Sciences Tools & Services";"Adjusted Patell Z P-Values";;;;;;;;;;;
"Life Sciences Tools & Services";"Adjusted StdCSect T";;;;;;;;;;;
"Life Sciences Tools & Services";"Adjusted StdCSect T P-Values";;;;;;;;;;;
"Life Sciences Tools & Services";"Skewness-Corrected T";;;;;;;;;;;
"Life Sciences Tools & Services";"Skewness-Corrected T P-Values";;;;;;;;;;;
"Life Sciences Tools & Services";"CDA T";;;;;;;;;;;
"Life Sciences Tools & Services";"CDA T P-Values";;;;;;;;;;;
"Life Sciences Tools & Services";Wilcoxon;;;;;;;;;;;
"Life Sciences Tools & Services";"Wilcoxon P-Values";;;;;;;;;;;
Pharmaceuticals;"Average Abnormal Return (AAR)";0;0;0.0031;0.0037;0.0083;-0.0041;0.0102;0;0;0.0087;0.0138
Pharmaceuticals;N;16;16;16;16;16;16;16;16;16;16;16
Pharmaceuticals;Pos:Neg;9:7;9:7;9:7;9:7;13:3;6:10;12:4;9:7;9:7;10:6;11:5
Pharmaceuticals;"Patell Z";0.0213;0.0213;1.1197;0.2702;3.1094;-2.3862;3.7204;0.0213;0.0213;2.4811;4.1473
Pharmaceuticals;"Patell Z P-Values";0.983;0.983;0.2628;0.787;0.0019;0.017;0.0002;0.983;0.983;0.0131;0
Pharmaceuticals;"Generalized Sign Z";;;;;;;;;;;
Pharmaceuticals;"Generalized Sign Z P-Values";;;;;;;;;;;
Pharmaceuticals;"Sign Z";;;;;;;;;;;
Pharmaceuticals;"Sign Z P-Values";;;;;;;;;;;
Pharmaceuticals;"Csect T";0;0;0.8609;0.7559;2.734;-0.4732;3.4847;0;0;1.4494;2.6668
Pharmaceuticals;"Csect T P-Values";1;1;0.4029;0.4614;0.0154;0.6429;0.0033;1;1;0.1678;0.0176
Pharmaceuticals;"StdCSect T";0.244;0.244;1.0298;0.163;2.9537;-0.8096;3.4509;0.244;0.244;1.0553;2.3739
Pharmaceuticals;"StdCSect T P-Values";0.8105;0.8105;0.3194;0.8727;0.0099;0.4308;0.0036;0.8105;0.8105;0.308;0.0314
Pharmaceuticals;"Rank Z";;;;;;;;;;;
Pharmaceuticals;"Rank Z P-Values";;;;;;;;;;;
Pharmaceuticals;"Generalized Rank T";;;;;;;;;;;
Pharmaceuticals;"Generalized Rank T P-Values";;;;;;;;;;;
Pharmaceuticals;"Generalized Rank Z";;;;;;;;;;;
Pharmaceuticals;"Generalized Rank Z P-Values";;;;;;;;;;;
Pharmaceuticals;"Adjusted Patell Z";;;;;;;;;;;
Pharmaceuticals;"Adjusted Patell Z P-Values";;;;;;;;;;;
Pharmaceuticals;"Adjusted StdCSect T";;;;;;;;;;;
Pharmaceuticals;"Adjusted StdCSect T P-Values";;;;;;;;;;;
Pharmaceuticals;"Skewness-Corrected T";;;;;;;;;;;
Pharmaceuticals;"Skewness-Corrected T P-Values";;;;;;;;;;;
Pharmaceuticals;"CDA T";;;;;;;;;;;
Pharmaceuticals;"CDA T P-Values";;;;;;;;;;;
Pharmaceuticals;Wilcoxon;;;;;;;;;;;
Pharmaceuticals;"Wilcoxon P-Values";;;;;;;;;;;
"Real Estate Management & Development";"Average Abnormal Return (AAR)";0.0006;0.0006;-0.0067;0.0219;-0.0108;0.0117;0.007;0.0006;0.0006;0.0166;0.0028
"Real Estate Management & Development";N;16;16;16;16;16;16;16;16;16;16;16
"Real Estate Management & Development";Pos:Neg;14:2;14:2;6:10;12:4;7:9;12:4;10:6;14:2;14:2;16:0;10:6
"Real Estate Management & Development";"Patell Z";0.1893;0.1893;-1.722;5.7532;-1.975;3.5296;2.2435;0.1893;0.1893;5.7715;1.0434
"Real Estate Management & Development";"Patell Z P-Values";0.8499;0.8499;0.0851;8.7554E-9;0.0483;0.0004;0.0249;0.8499;0.8499;7.8555E-9;0.2968
"Real Estate Management & Development";"Generalized Sign Z";;;;;;;;;;;
"Real Estate Management & Development";"Generalized Sign Z P-Values";;;;;;;;;;;
"Real Estate Management & Development";"Sign Z";;;;;;;;;;;
"Real Estate Management & Development";"Sign Z P-Values";;;;;;;;;;;
"Real Estate Management & Development";"Csect T";3.4276;3.4276;-0.8832;2.793;-1.2887;2.7322;2.2871;3.4276;3.4276;6.7784;0.9368
"Real Estate Management & Development";"Csect T P-Values";0.0037;0.0037;0.3911;0.0137;0.217;0.0154;0.0371;0.0037;0.0037;6.2168E-6;0.3637
"Real Estate Management & Development";"StdCSect T";3.3611;3.3611;-0.8106;2.8295;-0.9678;2.6861;2.1827;3.3611;3.3611;6.7578;1.0433
"Real Estate Management & Development";"StdCSect T P-Values";0.0043;0.0043;0.4303;0.0127;0.3485;0.0169;0.0454;0.0043;0.0043;6.4377E-6;0.3133
"Real Estate Management & Development";"Rank Z";;;;;;;;;;;
"Real Estate Management & Development";"Rank Z P-Values";;;;;;;;;;;
"Real Estate Management & Development";"Generalized Rank T";;;;;;;;;;;
"Real Estate Management & Development";"Generalized Rank T P-Values";;;;;;;;;;;
"Real Estate Management & Development";"Generalized Rank Z";;;;;;;;;;;
"Real Estate Management & Development";"Generalized Rank Z P-Values";;;;;;;;;;;
"Real Estate Management & Development";"Adjusted Patell Z";;;;;;;;;;;
"Real Estate Management & Development";"Adjusted Patell Z P-Values";;;;;;;;;;;
"Real Estate Management & Development";"Adjusted StdCSect T";;;;;;;;;;;
"Real Estate Management & Development";"Adjusted StdCSect T P-Values";;;;;;;;;;;
"Real Estate Management & Development";"Skewness-Corrected T";;;;;;;;;;;
"Real Estate Management & Development";"Skewness-Corrected T P-Values";;;;;;;;;;;
"Real Estate Management & Development";"CDA T";;;;;;;;;;;
"Real Estate Management & Development";"CDA T P-Values";;;;;;;;;;;
"Real Estate Management & Development";Wilcoxon;;;;;;;;;;;
"Real Estate Management & Development";"Wilcoxon P-Values";;;;;;;;;;;
"Health Care Providers & Services";"Average Abnormal Return (AAR)";0.0021;0.0021;0.0062;-0.0034;0.0062;-0.0086;0.0049;0.0021;0.0021;-0.0045;-0.0042
"Health Care Providers & Services";N;5;5;5;5;5;5;5;5;5;5;5
"Health Care Providers & Services";Pos:Neg;5:0;5:0;3:2;3:2;4:1;1:4;2:3;5:0;5:0;2:3;2:3
"Health Care Providers & Services";"Patell Z";0.1834;0.1834;0.2048;-2.2083;0.5238;-0.5796;-0.2689;0.1834;0.1834;0.1803;-0.3194
"Health Care Providers & Services";"Patell Z P-Values";0.8545;0.8545;0.8377;0.0272;0.6004;0.5622;0.788;0.8545;0.8545;0.857;0.7494
"Health Care Providers & Services";"Generalized Sign Z";;;;;;;;;;;
"Health Care Providers & Services";"Generalized Sign Z P-Values";;;;;;;;;;;
"Health Care Providers & Services";"Sign Z";;;;;;;;;;;
"Health Care Providers & Services";"Sign Z P-Values";;;;;;;;;;;
"Health Care Providers & Services";"Csect T";1.4715;1.4715;0.8838;-0.1493;0.5111;-0.4581;0.4833;1.4715;1.4715;-0.3609;-0.4745
"Health Care Providers & Services";"Csect T P-Values";0.2151;0.2151;0.4267;0.8885;0.6362;0.6706;0.6541;0.2151;0.2151;0.7364;0.6599
"Health Care Providers & Services";"StdCSect T";2.8777;2.8777;0.4088;-0.593;0.3023;-0.2417;-0.2621;2.8777;2.8777;0.0951;-0.1953
"Health Care Providers & Services";"StdCSect T P-Values";0.0451;0.0451;0.7036;0.5851;0.7775;0.8209;0.8062;0.0451;0.0451;0.9288;0.8547
"Health Care Providers & Services";"Rank Z";;;;;;;;;;;
"Health Care Providers & Services";"Rank Z P-Values";;;;;;;;;;;
"Health Care Providers & Services";"Generalized Rank T";;;;;;;;;;;
"Health Care Providers & Services";"Generalized Rank T P-Values";;;;;;;;;;;
"Health Care Providers & Services";"Generalized Rank Z";;;;;;;;;;;
"Health Care Providers & Services";"Generalized Rank Z P-Values";;;;;;;;;;;
"Health Care Providers & Services";"Adjusted Patell Z";;;;;;;;;;;
"Health Care Providers & Services";"Adjusted Patell Z P-Values";;;;;;;;;;;
"Health Care Providers & Services";"Adjusted StdCSect T";;;;;;;;;;;
"Health Care Providers & Services";"Adjusted StdCSect T P-Values";;;;;;;;;;;
"Health Care Providers & Services";"Skewness-Corrected T";;;;;;;;;;;
"Health Care Providers & Services";"Skewness-Corrected T P-Values";;;;;;;;;;;
"Health Care Providers & Services";"CDA T";;;;;;;;;;;
"Health Care Providers & Services";"CDA T P-Values";;;;;;;;;;;
"Health Care Providers & Services";Wilcoxon;;;;;;;;;;;
"Health Care Providers & Services";"Wilcoxon P-Values";;;;;;;;;;;
"Semiconductors & Semiconductor Equipment";"Average Abnormal Return (AAR)";0.0007;0.0007;-0.0066;0.0148;-0.0096;0.0395;-0.0134;0.0007;0.0007;0.0125;0.0132
"Semiconductors & Semiconductor Equipment";N;8;8;8;8;8;8;8;8;8;8;8
"Semiconductors & Semiconductor Equipment";Pos:Neg;5:3;5:3;4:4;6:2;3:5;8:0;1:7;5:3;5:3;5:3;7:1
"Semiconductors & Semiconductor Equipment";"Patell Z";0.0978;0.0978;-0.9215;1.8525;-1.351;5.8326;-2.0085;0.0978;0.0978;1.5414;1.5649
"Semiconductors & Semiconductor Equipment";"Patell Z P-Values";0.9221;0.9221;0.3568;0.064;0.1767;5.4555E-9;0.0446;0.9221;0.9221;0.1232;0.1176
"Semiconductors & Semiconductor Equipment";"Generalized Sign Z";;;;;;;;;;;
"Semiconductors & Semiconductor Equipment";"Generalized Sign Z P-Values";;;;;;;;;;;
"Semiconductors & Semiconductor Equipment";"Sign Z";;;;;;;;;;;
"Semiconductors & Semiconductor Equipment";"Sign Z P-Values";;;;;;;;;;;
"Semiconductors & Semiconductor Equipment";"Csect T";1.9077;1.9077;-0.8428;1.6382;-1.0091;8.891;-2.1089;1.9077;1.9077;1.843;1.5536
"Semiconductors & Semiconductor Equipment";"Csect T P-Values";0.0981;0.0981;0.4272;0.1454;0.3465;0;0.0729;0.0981;0.0981;0.1079;0.1642
"Semiconductors & Semiconductor Equipment";"StdCSect T";1.7624;1.7624;-0.9201;1.5902;-0.9571;6.6472;-2.3357;1.7624;1.7624;1.4864;1.7744
"Semiconductors & Semiconductor Equipment";"StdCSect T P-Values";0.1214;0.1214;0.3881;0.1558;0.3704;0.0003;0.0522;0.1214;0.1214;0.1808;0.1193
"Semiconductors & Semiconductor Equipment";"Rank Z";;;;;;;;;;;
"Semiconductors & Semiconductor Equipment";"Rank Z P-Values";;;;;;;;;;;
"Semiconductors & Semiconductor Equipment";"Generalized Rank T";;;;;;;;;;;
"Semiconductors & Semiconductor Equipment";"Generalized Rank T P-Values";;;;;;;;;;;
"Semiconductors & Semiconductor Equipment";"Generalized Rank Z";;;;;;;;;;;
"Semiconductors & Semiconductor Equipment";"Generalized Rank Z P-Values";;;;;;;;;;;
"Semiconductors & Semiconductor Equipment";"Adjusted Patell Z";;;;;;;;;;;
"Semiconductors & Semiconductor Equipment";"Adjusted Patell Z P-Values";;;;;;;;;;;
"Semiconductors & Semiconductor Equipment";"Adjusted StdCSect T";;;;;;;;;;;
"Semiconductors & Semiconductor Equipment";"Adjusted StdCSect T P-Values";;;;;;;;;;;
"Semiconductors & Semiconductor Equipment";"Skewness-Corrected T";;;;;;;;;;;
"Semiconductors & Semiconductor Equipment";"Skewness-Corrected T P-Values";;;;;;;;;;;
"Semiconductors & Semiconductor Equipment";"CDA T";;;;;;;;;;;
"Semiconductors & Semiconductor Equipment";"CDA T P-Values";;;;;;;;;;;
"Semiconductors & Semiconductor Equipment";Wilcoxon;;;;;;;;;;;
"Semiconductors & Semiconductor Equipment";"Wilcoxon P-Values";;;;;;;;;;;
"Electric Utilities";"Average Abnormal Return (AAR)";0.0004;0.0004;-0.0109;-0.0026;0.0006;0.0221;0.0276;0.0004;0.0004;0.0244;-0.0322
"Electric Utilities";N;12;12;12;12;12;12;12;12;12;12;12
"Electric Utilities";Pos:Neg;7:5;7:5;2:10;4:8;6:6;9:3;11:1;7:5;7:5;11:1;3:9
"Electric Utilities";"Patell Z";0.0921;0.0921;-3.2648;-1.0013;0.5481;7.1785;8.9628;0.0921;0.0921;7.934;-8.9464
"Electric Utilities";"Patell Z P-Values";0.9266;0.9266;0.0011;0.3167;0.5836;7.0485E-13;3.1642E-19;0.9266;0.9266;2.1214E-15;3.6729E-19
"Electric Utilities";"Generalized Sign Z";;;;;;;;;;;
"Electric Utilities";"Generalized Sign Z P-Values";;;;;;;;;;;
"Electric Utilities";"Sign Z";;;;;;;;;;;
"Electric Utilities";"Sign Z P-Values";;;;;;;;;;;
"Electric Utilities";"Csect T";1.2935;1.2935;-4.0078;-0.832;0.0959;1.8214;6.9261;1.2935;1.2935;3.9105;-1.9986
"Electric Utilities";"Csect T P-Values";0.2223;0.2223;0.0021;0.4231;0.9253;0.0958;0;0.2223;0.2223;0.0024;0.071
"Electric Utilities";"StdCSect T";1.4777;1.4777;-4.1434;-1.0819;0.2764;2.1224;6.2108;1.4777;1.4777;4.2132;-2.1561
"Electric Utilities";"StdCSect T P-Values";0.1676;0.1676;0.0016;0.3025;0.7874;0.0573;0.0001;0.1676;0.1676;0.0015;0.0541
"Electric Utilities";"Rank Z";;;;;;;;;;;
"Electric Utilities";"Rank Z P-Values";;;;;;;;;;;
"Electric Utilities";"Generalized Rank T";;;;;;;;;;;
"Electric Utilities";"Generalized Rank T P-Values";;;;;;;;;;;
"Electric Utilities";"Generalized Rank Z";;;;;;;;;;;
"Electric Utilities";"Generalized Rank Z P-Values";;;;;;;;;;;
"Electric Utilities";"Adjusted Patell Z";;;;;;;;;;;
"Electric Utilities";"Adjusted Patell Z P-Values";;;;;;;;;;;
"Electric Utilities";"Adjusted StdCSect T";;;;;;;;;;;
"Electric Utilities";"Adjusted StdCSect T P-Values";;;;;;;;;;;
"Electric Utilities";"Skewness-Corrected T";;;;;;;;;;;
"Electric Utilities";"Skewness-Corrected T P-Values";;;;;;;;;;;
"Electric Utilities";"CDA T";;;;;;;;;;;
"Electric Utilities";"CDA T P-Values";;;;;;;;;;;
"Electric Utilities";Wilcoxon;;;;;;;;;;;
"Electric Utilities";"Wilcoxon P-Values";;;;;;;;;;;
Biotechnology;"Average Abnormal Return (AAR)";0.0022;0.0022;-0.0071;0.0174;0.0108;0.0372;0.0021;0.0022;0.0022;0.0268;0.0252
Biotechnology;N;6;6;6;6;6;6;6;6;6;6;6
Biotechnology;Pos:Neg;6:0;6:0;2:4;4:2;5:1;6:0;3:3;6:0;6:0;6:0;6:0
Biotechnology;"Patell Z";0.2913;0.2913;-0.6584;1.8333;1.5016;4.3564;0.4622;0.2913;0.2913;3.8486;3.2488
Biotechnology;"Patell Z P-Values";0.7708;0.7708;0.5103;0.0668;0.1332;0;0.6439;0.7708;0.7708;0.0001;0.0012
Biotechnology;"Generalized Sign Z";;;;;;;;;;;
Biotechnology;"Generalized Sign Z P-Values";;;;;;;;;;;
Biotechnology;"Sign Z";;;;;;;;;;;
Biotechnology;"Sign Z P-Values";;;;;;;;;;;
Biotechnology;"Csect T";4.6249;4.6249;-1.2016;1.313;1.6272;4.1295;0.5032;4.6249;4.6249;2.4311;2.5929
Biotechnology;"Csect T P-Values";0.0057;0.0057;0.2833;0.2462;0.1646;0.0091;0.6362;0.0057;0.0057;0.0593;0.0487
Biotechnology;"StdCSect T";3.7321;3.7321;-1.0602;1.3121;1.5098;4.1513;0.8501;3.7321;3.7321;2.1313;2.4359
Biotechnology;"StdCSect T P-Values";0.0135;0.0135;0.3376;0.2465;0.1915;0.0089;0.4341;0.0135;0.0135;0.0863;0.059
Biotechnology;"Rank Z";;;;;;;;;;;
Biotechnology;"Rank Z P-Values";;;;;;;;;;;
Biotechnology;"Generalized Rank T";;;;;;;;;;;
Biotechnology;"Generalized Rank T P-Values";;;;;;;;;;;
Biotechnology;"Generalized Rank Z";;;;;;;;;;;
Biotechnology;"Generalized Rank Z P-Values";;;;;;;;;;;
Biotechnology;"Adjusted Patell Z";;;;;;;;;;;
Biotechnology;"Adjusted Patell Z P-Values";;;;;;;;;;;
Biotechnology;"Adjusted StdCSect T";;;;;;;;;;;
Biotechnology;"Adjusted StdCSect T P-Values";;;;;;;;;;;
Biotechnology;"Skewness-Corrected T";;;;;;;;;;;
Biotechnology;"Skewness-Corrected T P-Values";;;;;;;;;;;
Biotechnology;"CDA T";;;;;;;;;;;
Biotechnology;"CDA T P-Values";;;;;;;;;;;
Biotechnology;Wilcoxon;;;;;;;;;;;
Biotechnology;"Wilcoxon P-Values";;;;;;;;;;;
"Building Products";"Average Abnormal Return (AAR)";0.0009;0.0009;-0.0014;0.0035;0.007;-0.0055;-0.0052;0.0009;0.0009;-0.0041;0.024
"Building Products";N;6;6;6;6;6;6;6;6;6;6;6
"Building Products";Pos:Neg;5:1;5:1;4:2;4:2;4:2;3:3;2:4;5:1;5:1;3:3;6:0
"Building Products";"Patell Z";0.1379;0.1379;-0.3857;0.667;1.0894;-0.9072;-0.8962;0.1379;0.1379;-0.7602;4.2029
"Building Products";"Patell Z P-Values";0.8903;0.8903;0.6997;0.5048;0.276;0.3643;0.3701;0.8903;0.8903;0.4471;0
"Building Products";"Generalized Sign Z";;;;;;;;;;;
"Building Products";"Generalized Sign Z P-Values";;;;;;;;;;;
"Building Products";"Sign Z";;;;;;;;;;;
"Building Products";"Sign Z P-Values";;;;;;;;;;;
"Building Products";"Csect T";2.1004;2.1004;-0.2798;0.3479;1.9668;-0.2598;-0.6043;2.1004;2.1004;-0.2177;4.2216
"Building Products";"Csect T P-Values";0.0897;0.0897;0.7908;0.7421;0.1064;0.8054;0.572;0.0897;0.0897;0.8363;0.0083
"Building Products";"StdCSect T";2.0953;2.0953;-0.4138;0.4945;1.4903;-0.3054;-0.6944;2.0953;2.0953;-0.2808;3.9104
"Building Products";"StdCSect T P-Values";0.0903;0.0903;0.6962;0.6419;0.1963;0.7724;0.5184;0.0903;0.0903;0.7901;0.0113
"Building Products";"Rank Z";;;;;;;;;;;
"Building Products";"Rank Z P-Values";;;;;;;;;;;
"Building Products";"Generalized Rank T";;;;;;;;;;;
"Building Products";"Generalized Rank T P-Values";;;;;;;;;;;
"Building Products";"Generalized Rank Z";;;;;;;;;;;
"Building Products";"Generalized Rank Z P-Values";;;;;;;;;;;
"Building Products";"Adjusted Patell Z";;;;;;;;;;;
"Building Products";"Adjusted Patell Z P-Values";;;;;;;;;;;
"Building Products";"Adjusted StdCSect T";;;;;;;;;;;
"Building Products";"Adjusted StdCSect T P-Values";;;;;;;;;;;
"Building Products";"Skewness-Corrected T";;;;;;;;;;;
"Building Products";"Skewness-Corrected T P-Values";;;;;;;;;;;
"Building Products";"CDA T";;;;;;;;;;;
"Building Products";"CDA T P-Values";;;;;;;;;;;
"Building Products";Wilcoxon;;;;;;;;;;;
"Building Products";"Wilcoxon P-Values";;;;;;;;;;;
"IT Services";"Average Abnormal Return (AAR)";0.0014;0.0014;0.0063;0.0037;-0.0002;0.0234;-0.0076;0.0014;0.0014;0.0197;-0.0203
"IT Services";N;8;8;8;8;8;8;8;8;8;8;8
"IT Services";Pos:Neg;6:2;6:2;6:2;3:5;5:3;7:1;3:5;6:2;6:2;5:3;5:3
"IT Services";"Patell Z";0.2007;0.2007;1.3216;0.6059;0.1242;4.578;-1.3487;0.2007;0.2007;2.8407;-2.3333
"IT Services";"Patell Z P-Values";0.8409;0.8409;0.1863;0.5445;0.9011;4.6941E-6;0.1774;0.8409;0.8409;0.0045;0.0196
"IT Services";"Generalized Sign Z";;;;;;;;;;;
"IT Services";"Generalized Sign Z P-Values";;;;;;;;;;;
"IT Services";"Sign Z";;;;;;;;;;;
"IT Services";"Sign Z P-Values";;;;;;;;;;;
"IT Services";"Csect T";2.403;2.403;2.0289;0.8011;-0.0458;3.4065;-1.5115;2.403;2.403;2.1076;-0.8133
"IT Services";"Csect T P-Values";0.0473;0.0473;0.0821;0.4494;0.9647;0.0113;0.1744;0.0473;0.0473;0.073;0.4428
"IT Services";"StdCSect T";2.1039;2.1039;1.9041;0.8304;0.185;3.769;-1.4945;2.1039;2.1039;2.0748;-0.7791
"IT Services";"StdCSect T P-Values";0.0734;0.0734;0.0986;0.4337;0.8584;0.007;0.1787;0.0734;0.0734;0.0767;0.4615
"IT Services";"Rank Z";;;;;;;;;;;
"IT Services";"Rank Z P-Values";;;;;;;;;;;
"IT Services";"Generalized Rank T";;;;;;;;;;;
"IT Services";"Generalized Rank T P-Values";;;;;;;;;;;
"IT Services";"Generalized Rank Z";;;;;;;;;;;
"IT Services";"Generalized Rank Z P-Values";;;;;;;;;;;
"IT Services";"Adjusted Patell Z";;;;;;;;;;;
"IT Services";"Adjusted Patell Z P-Values";;;;;;;;;;;
"IT Services";"Adjusted StdCSect T";;;;;;;;;;;
"IT Services";"Adjusted StdCSect T P-Values";;;;;;;;;;;
"IT Services";"Skewness-Corrected T";;;;;;;;;;;
"IT Services";"Skewness-Corrected T P-Values";;;;;;;;;;;
"IT Services";"CDA T";;;;;;;;;;;
"IT Services";"CDA T P-Values";;;;;;;;;;;
"IT Services";Wilcoxon;;;;;;;;;;;
"IT Services";"Wilcoxon P-Values";;;;;;;;;;;
Software;"Average Abnormal Return (AAR)";0.0017;0.0017;-0.0001;0.0145;-0.0034;0.0356;-0.0063;0.0017;0.0017;0.0341;0.0119
Software;N;10;10;10;10;10;10;10;10;10;10;10
Software;Pos:Neg;9:1;9:1;4:6;8:2;4:6;9:1;2:8;9:1;9:1;9:1;8:2
Software;"Patell Z";0.2468;0.2468;-0.0992;1.9761;-0.497;5.3408;-1.4975;0.2468;0.2468;5.6929;1.9075
Software;"Patell Z P-Values";0.805;0.805;0.921;0.0481;0.6192;9.2536E-8;0.1343;0.805;0.805;1.249E-8;0.0565
Software;"Generalized Sign Z";;;;;;;;;;;
Software;"Generalized Sign Z P-Values";;;;;;;;;;;
Software;"Sign Z";;;;;;;;;;;
Software;"Sign Z P-Values";;;;;;;;;;;
Software;"Csect T";3.0144;3.0144;-0.0262;2.4538;-0.8276;3.2661;-1.2548;3.0144;3.0144;3.5219;1.6965
Software;"Csect T P-Values";0.0146;0.0146;0.9796;0.0365;0.4293;0.0097;0.2412;0.0146;0.0146;0.0065;0.124
Software;"StdCSect T";2.9056;2.9056;-0.1333;2.4437;-0.8385;4.4129;-1.9706;2.9056;2.9056;3.9869;1.4804
Software;"StdCSect T P-Values";0.0174;0.0174;0.8969;0.0371;0.4235;0.0017;0.0803;0.0174;0.0174;0.0032;0.1729
Software;"Rank Z";;;;;;;;;;;
Software;"Rank Z P-Values";;;;;;;;;;;
Software;"Generalized Rank T";;;;;;;;;;;
Software;"Generalized Rank T P-Values";;;;;;;;;;;
Software;"Generalized Rank Z";;;;;;;;;;;
Software;"Generalized Rank Z P-Values";;;;;;;;;;;
Software;"Adjusted Patell Z";;;;;;;;;;;
Software;"Adjusted Patell Z P-Values";;;;;;;;;;;
Software;"Adjusted StdCSect T";;;;;;;;;;;
Software;"Adjusted StdCSect T P-Values";;;;;;;;;;;
Software;"Skewness-Corrected T";;;;;;;;;;;
Software;"Skewness-Corrected T P-Values";;;;;;;;;;;
Software;"CDA T";;;;;;;;;;;
Software;"CDA T P-Values";;;;;;;;;;;
Software;Wilcoxon;;;;;;;;;;;
Software;"Wilcoxon P-Values";;;;;;;;;;;
Tobacco;"Average Abnormal Return (AAR)";-0.0008;-0.0008;-0.0237;-0.001;-0.0007;-0.0274;0.0233;-0.0008;-0.0008;-0.0192;0.0146
Tobacco;N;3;3;3;3;3;3;3;3;3;3;3
Tobacco;Pos:Neg;1:2;1:2;0:3;2:1;2:1;1:2;3:0;1:2;1:2;0:3;2:1
Tobacco;"Patell Z";-0.1711;-0.1711;-3.4715;-0.0742;-0.2265;-5.4997;3.5531;-0.1711;-0.1711;-3.4191;2.0424
Tobacco;"Patell Z P-Values";0.8642;0.8642;0.0005;0.9409;0.8208;3.8045E-8;0.0004;0.8642;0.8642;0.0006;0.0411
Tobacco;"Generalized Sign Z";;;;;;;;;;;
Tobacco;"Generalized Sign Z P-Values";;;;;;;;;;;
Tobacco;"Sign Z";;;;;;;;;;;
Tobacco;"Sign Z P-Values";;;;;;;;;;;
Tobacco;"Csect T";-0.8123;-0.8123;-1.9913;-0.4253;-0.2088;-0.9817;5.8517;-0.8123;-0.8123;-4.3636;1.4455
Tobacco;"Csect T P-Values";0.5019;0.5019;0.1847;0.712;0.854;0.4298;0.028;0.5019;0.5019;0.0487;0.2852
Tobacco;"StdCSect T";-1.0676;-1.0676;-2.7631;-0.2238;-0.3619;-1.2079;33.6617;-1.0676;-1.0676;-3.2329;1.6383
Tobacco;"StdCSect T P-Values";0.3975;0.3975;0.1098;0.8437;0.7521;0.3505;0.0009;0.3975;0.3975;0.0838;0.243
Tobacco;"Rank Z";;;;;;;;;;;
Tobacco;"Rank Z P-Values";;;;;;;;;;;
Tobacco;"Generalized Rank T";;;;;;;;;;;
Tobacco;"Generalized Rank T P-Values";;;;;;;;;;;
Tobacco;"Generalized Rank Z";;;;;;;;;;;
Tobacco;"Generalized Rank Z P-Values";;;;;;;;;;;
Tobacco;"Adjusted Patell Z";;;;;;;;;;;
Tobacco;"Adjusted Patell Z P-Values";;;;;;;;;;;
Tobacco;"Adjusted StdCSect T";;;;;;;;;;;
Tobacco;"Adjusted StdCSect T P-Values";;;;;;;;;;;
Tobacco;"Skewness-Corrected T";;;;;;;;;;;
Tobacco;"Skewness-Corrected T P-Values";;;;;;;;;;;
Tobacco;"CDA T";;;;;;;;;;;
Tobacco;"CDA T P-Values";;;;;;;;;;;
Tobacco;Wilcoxon;;;;;;;;;;;
Tobacco;"Wilcoxon P-Values";;;;;;;;;;;
"Industrial REITs";"Average Abnormal Return (AAR)";3.3881E-21;3.3881E-21;-0.0054;-0.0034;0.0036;0.0078;0.0114;3.3881E-21;3.3881E-21;0.0119;0.004
"Industrial REITs";N;4;4;4;4;4;4;4;4;4;4;4
"Industrial REITs";Pos:Neg;2:2;2:2;2:2;1:3;2:2;3:1;3:1;2:2;2:2;4:0;3:1
"Industrial REITs";"Patell Z";-0.0093;-0.0093;-0.9627;-0.8168;0.6336;1.6428;2.0981;-0.0093;-0.0093;2.5573;0.8327
"Industrial REITs";"Patell Z P-Values";0.9926;0.9926;0.3357;0.4141;0.5264;0.1004;0.0359;0.9926;0.9926;0.0105;0.405
"Industrial REITs";"Generalized Sign Z";;;;;;;;;;;
"Industrial REITs";"Generalized Sign Z P-Values";;;;;;;;;;;
"Industrial REITs";"Sign Z";;;;;;;;;;;
"Industrial REITs";"Sign Z P-Values";;;;;;;;;;;
"Industrial REITs";"Csect T";1.14E-17;1.14E-17;-1.0006;-1.6465;1.0682;1.3575;1.5064;1.14E-17;1.14E-17;3.1168;1.0501
"Industrial REITs";"Csect T P-Values";1;1;0.3908;0.1982;0.3637;0.2677;0.229;1;1;0.0526;0.3708
"Industrial REITs";"StdCSect T";-0.1483;-0.1483;-0.918;-1.7244;0.9529;1.358;1.4868;-0.1483;-0.1483;3.2068;1.1205
"Industrial REITs";"StdCSect T P-Values";0.8915;0.8915;0.4263;0.1831;0.4109;0.2676;0.2338;0.8915;0.8915;0.0491;0.3441
"Industrial REITs";"Rank Z";;;;;;;;;;;
"Industrial REITs";"Rank Z P-Values";;;;;;;;;;;
"Industrial REITs";"Generalized Rank T";;;;;;;;;;;
"Industrial REITs";"Generalized Rank T P-Values";;;;;;;;;;;
"Industrial REITs";"Generalized Rank Z";;;;;;;;;;;
"Industrial REITs";"Generalized Rank Z P-Values";;;;;;;;;;;
"Industrial REITs";"Adjusted Patell Z";;;;;;;;;;;
"Industrial REITs";"Adjusted Patell Z P-Values";;;;;;;;;;;
"Industrial REITs";"Adjusted StdCSect T";;;;;;;;;;;
"Industrial REITs";"Adjusted StdCSect T P-Values";;;;;;;;;;;
"Industrial REITs";"Skewness-Corrected T";;;;;;;;;;;
"Industrial REITs";"Skewness-Corrected T P-Values";;;;;;;;;;;
"Industrial REITs";"CDA T";;;;;;;;;;;
"Industrial REITs";"CDA T P-Values";;;;;;;;;;;
"Industrial REITs";Wilcoxon;;;;;;;;;;;
"Industrial REITs";"Wilcoxon P-Values";;;;;;;;;;;
"Personal Care Products";"Average Abnormal Return (AAR)";0.0001;0.0001;-0.0136;-0.0148;0.0068;-0.016;0.0199;0.0001;0.0001;0.0062;0.0053
"Personal Care Products";N;3;3;3;3;3;3;3;3;3;3;3
"Personal Care Products";Pos:Neg;2:1;2:1;0:3;1:2;2:1;1:2;3:0;2:1;2:1;3:0;1:2
"Personal Care Products";"Patell Z";0.028;0.028;-2.4872;-2.3626;0.981;-1.5706;2.9051;0.028;0.028;1.0492;1.2419
"Personal Care Products";"Patell Z P-Values";0.9776;0.9776;0.0129;0.0181;0.3266;0.1163;0.0037;0.9776;0.9776;0.2941;0.2143
"Personal Care Products";"Generalized Sign Z";;;;;;;;;;;
"Personal Care Products";"Generalized Sign Z P-Values";;;;;;;;;;;
"Personal Care Products";"Sign Z";;;;;;;;;;;
"Personal Care Products";"Sign Z P-Values";;;;;;;;;;;
"Personal Care Products";"Csect T";0.4932;0.4932;-2.0479;-1.2814;0.6882;-0.598;2.3887;0.4932;0.4932;4.0273;0.3053
"Personal Care Products";"Csect T P-Values";0.6707;0.6707;0.1771;0.3285;0.5624;0.6105;0.1395;0.6707;0.6707;0.0565;0.789
"Personal Care Products";"StdCSect T";0.8288;0.8288;-1.8406;-1.1196;0.5436;-0.4204;2.5035;0.8288;0.8288;3.398;0.4394
"Personal Care Products";"StdCSect T P-Values";0.4944;0.4944;0.207;0.3793;0.6412;0.7151;0.1293;0.4944;0.4944;0.0768;0.7033
"Personal Care Products";"Rank Z";;;;;;;;;;;
"Personal Care Products";"Rank Z P-Values";;;;;;;;;;;
"Personal Care Products";"Generalized Rank T";;;;;;;;;;;
"Personal Care Products";"Generalized Rank T P-Values";;;;;;;;;;;
"Personal Care Products";"Generalized Rank Z";;;;;;;;;;;
"Personal Care Products";"Generalized Rank Z P-Values";;;;;;;;;;;
"Personal Care Products";"Adjusted Patell Z";;;;;;;;;;;
"Personal Care Products";"Adjusted Patell Z P-Values";;;;;;;;;;;
"Personal Care Products";"Adjusted StdCSect T";;;;;;;;;;;
"Personal Care Products";"Adjusted StdCSect T P-Values";;;;;;;;;;;
"Personal Care Products";"Skewness-Corrected T";;;;;;;;;;;
"Personal Care Products";"Skewness-Corrected T P-Values";;;;;;;;;;;
"Personal Care Products";"CDA T";;;;;;;;;;;
"Personal Care Products";"CDA T P-Values";;;;;;;;;;;
"Personal Care Products";Wilcoxon;;;;;;;;;;;
"Personal Care Products";"Wilcoxon P-Values";;;;;;;;;;;
"Containers & Packaging";"Average Abnormal Return (AAR)";0.0007;0.0007;-0.0039;-0.0056;-0.0009;0.0017;0.0036;0.0007;0.0007;-0.0132;-0.0186
"Containers & Packaging";N;5;5;5;5;5;5;5;5;5;5;5
"Containers & Packaging";Pos:Neg;3:2;3:2;2:3;2:3;3:2;3:2;3:2;3:2;3:2;1:4;2:3
"Containers & Packaging";"Patell Z";0.0837;0.0837;-0.7235;-1.4479;-0.294;-1.2521;1.031;0.0837;0.0837;-2.9754;-4.4178
"Containers & Packaging";"Patell Z P-Values";0.9333;0.9333;0.4694;0.1476;0.7687;0.2105;0.3026;0.9333;0.9333;0.0029;9.9722E-6
"Containers & Packaging";"Generalized Sign Z";;;;;;;;;;;
"Containers & Packaging";"Generalized Sign Z P-Values";;;;;;;;;;;
"Containers & Packaging";"Sign Z";;;;;;;;;;;
"Containers & Packaging";"Sign Z P-Values";;;;;;;;;;;
"Containers & Packaging";"Csect T";1.3035;1.3035;-0.9802;-0.9251;-0.2519;0.0958;0.5737;1.3035;1.3035;-1.2315;-1.0992
"Containers & Packaging";"Csect T P-Values";0.2624;0.2624;0.3825;0.4073;0.8136;0.9283;0.5969;0.2624;0.2624;0.2856;0.3334
"Containers & Packaging";"StdCSect T";0.9755;0.9755;-1.0091;-1.279;-0.4913;-0.3977;0.9548;0.9755;0.9755;-1.6388;-1.4992
"Containers & Packaging";"StdCSect T P-Values";0.3845;0.3845;0.37;0.2701;0.649;0.7112;0.3937;0.3845;0.3845;0.1766;0.2082
"Containers & Packaging";"Rank Z";;;;;;;;;;;
"Containers & Packaging";"Rank Z P-Values";;;;;;;;;;;
"Containers & Packaging";"Generalized Rank T";;;;;;;;;;;
"Containers & Packaging";"Generalized Rank T P-Values";;;;;;;;;;;
"Containers & Packaging";"Generalized Rank Z";;;;;;;;;;;
"Containers & Packaging";"Generalized Rank Z P-Values";;;;;;;;;;;
"Containers & Packaging";"Adjusted Patell Z";;;;;;;;;;;
"Containers & Packaging";"Adjusted Patell Z P-Values";;;;;;;;;;;
"Containers & Packaging";"Adjusted StdCSect T";;;;;;;;;;;
"Containers & Packaging";"Adjusted StdCSect T P-Values";;;;;;;;;;;
"Containers & Packaging";"Skewness-Corrected T";;;;;;;;;;;
"Containers & Packaging";"Skewness-Corrected T P-Values";;;;;;;;;;;
"Containers & Packaging";"CDA T";;;;;;;;;;;
"Containers & Packaging";"CDA T P-Values";;;;;;;;;;;
"Containers & Packaging";Wilcoxon;;;;;;;;;;;
"Containers & Packaging";"Wilcoxon P-Values";;;;;;;;;;;
"Household Durables";"Average Abnormal Return (AAR)";0.0008;0.0008;0.0107;-0.0008;-0.0112;-0.0003;-0.0205;0.0008;0.0008;0.0409;-0.0195
"Household Durables";N;10;10;10;10;10;10;10;10;10;10;10
"Household Durables";Pos:Neg;9:1;9:1;9:1;4:6;0:10;3:7;0:10;9:1;9:1;9:1;0:10
"Household Durables";"Patell Z";0.1528;0.1528;2.5618;-0.1803;-2.5388;-0.4246;-4.4366;0.1528;0.1528;8.8131;-4.5057
"Household Durables";"Patell Z P-Values";0.8786;0.8786;0.0104;0.8569;0.0111;0.6711;9.1384E-6;0.8786;0.8786;1.2175E-18;6.6163E-6
"Household Durables";"Generalized Sign Z";;;;;;;;;;;
"Household Durables";"Generalized Sign Z P-Values";;;;;;;;;;;
"Household Durables";"Sign Z";;;;;;;;;;;
"Household Durables";"Sign Z P-Values";;;;;;;;;;;
"Household Durables";"Csect T";2.2226;2.2226;6.1227;-0.2704;-5.7112;-0.0631;-5.838;2.2226;2.2226;5.0368;-4.6584
"Household Durables";"Csect T P-Values";0.0533;0.0533;0.0002;0.7929;0.0003;0.9511;0.0002;0.0533;0.0533;0.0007;0.0012
"Household Durables";"StdCSect T";3.0254;3.0254;5.5403;-0.3411;-5.1761;-0.4747;-5.2555;3.0254;3.0254;5.4336;-4.372
"Household Durables";"StdCSect T P-Values";0.0144;0.0144;0.0004;0.7409;0.0006;0.6463;0.0005;0.0144;0.0144;0.0004;0.0018
"Household Durables";"Rank Z";;;;;;;;;;;
"Household Durables";"Rank Z P-Values";;;;;;;;;;;
"Household Durables";"Generalized Rank T";;;;;;;;;;;
"Household Durables";"Generalized Rank T P-Values";;;;;;;;;;;
"Household Durables";"Generalized Rank Z";;;;;;;;;;;
"Household Durables";"Generalized Rank Z P-Values";;;;;;;;;;;
"Household Durables";"Adjusted Patell Z";;;;;;;;;;;
"Household Durables";"Adjusted Patell Z P-Values";;;;;;;;;;;
"Household Durables";"Adjusted StdCSect T";;;;;;;;;;;
"Household Durables";"Adjusted StdCSect T P-Values";;;;;;;;;;;
"Household Durables";"Skewness-Corrected T";;;;;;;;;;;
"Household Durables";"Skewness-Corrected T P-Values";;;;;;;;;;;
"Household Durables";"CDA T";;;;;;;;;;;
"Household Durables";"CDA T P-Values";;;;;;;;;;;
"Household Durables";Wilcoxon;;;;;;;;;;;
"Household Durables";"Wilcoxon P-Values";;;;;;;;;;;
"Diversified REITs";"Average Abnormal Return (AAR)";-0.0006;-0.0006;0.0008;-0.009;-0.0056;-0.0117;0.0169;-0.0006;-0.0006;-0.0029;-0.0176
"Diversified REITs";N;4;4;4;4;4;4;4;4;4;4;4
"Diversified REITs";Pos:Neg;1:3;1:3;3:1;0:4;1:3;1:3;4:0;1:3;1:3;2:2;0:4
"Diversified REITs";"Patell Z";-0.0976;-0.0976;0.1112;-1.5836;-1.0072;-2.0678;2.8723;-0.0976;-0.0976;-0.4299;-3.0842
"Diversified REITs";"Patell Z P-Values";0.9222;0.9222;0.9114;0.1133;0.3138;0.0387;0.0041;0.9222;0.9222;0.6673;0.002
"Diversified REITs";"Generalized Sign Z";;;;;;;;;;;
"Diversified REITs";"Generalized Sign Z P-Values";;;;;;;;;;;
"Diversified REITs";"Sign Z";;;;;;;;;;;
"Diversified REITs";"Sign Z P-Values";;;;;;;;;;;
"Diversified REITs";"Csect T";-2.578;-2.578;0.4995;-2.5014;-0.8215;-2.048;16.2825;-2.578;-2.578;-0.5318;-5.3444
"Diversified REITs";"Csect T P-Values";0.0819;0.0819;0.6518;0.0876;0.4715;0.133;0.0005;0.0819;0.0819;0.6317;0.0128
"Diversified REITs";"StdCSect T";-2.2366;-2.2366;0.4118;-2.4619;-0.7893;-2.1622;10.6655;-2.2366;-2.2366;-0.4622;-4.6819
"Diversified REITs";"StdCSect T P-Values";0.1113;0.1113;0.7082;0.0907;0.4876;0.1193;0.0018;0.1113;0.1113;0.6754;0.0184
"Diversified REITs";"Rank Z";;;;;;;;;;;
"Diversified REITs";"Rank Z P-Values";;;;;;;;;;;
"Diversified REITs";"Generalized Rank T";;;;;;;;;;;
"Diversified REITs";"Generalized Rank T P-Values";;;;;;;;;;;
"Diversified REITs";"Generalized Rank Z";;;;;;;;;;;
"Diversified REITs";"Generalized Rank Z P-Values";;;;;;;;;;;
"Diversified REITs";"Adjusted Patell Z";;;;;;;;;;;
"Diversified REITs";"Adjusted Patell Z P-Values";;;;;;;;;;;
"Diversified REITs";"Adjusted StdCSect T";;;;;;;;;;;
"Diversified REITs";"Adjusted StdCSect T P-Values";;;;;;;;;;;
"Diversified REITs";"Skewness-Corrected T";;;;;;;;;;;
"Diversified REITs";"Skewness-Corrected T P-Values";;;;;;;;;;;
"Diversified REITs";"CDA T";;;;;;;;;;;
"Diversified REITs";"CDA T P-Values";;;;;;;;;;;
"Diversified REITs";Wilcoxon;;;;;;;;;;;
"Diversified REITs";"Wilcoxon P-Values";;;;;;;;;;;
Automobiles;"Average Abnormal Return (AAR)";0.0014;0.0014;-0.0106;0.0206;0.0121;-0.0136;-0.0049;0.0014;0.0014;-0.0164;-0.0298
Automobiles;N;8;8;8;8;8;8;8;8;8;8;8
Automobiles;Pos:Neg;4:4;4:4;1:7;5:3;6:2;2:6;3:5;4:4;4:4;2:6;1:7
Automobiles;"Patell Z";-0.0068;-0.0068;-1.8948;2.9364;2.4121;-3.2669;-1.0633;-0.0068;-0.0068;-4.2036;-5.6357
Automobiles;"Patell Z P-Values";0.9946;0.9946;0.0581;0.0033;0.0159;0.0011;0.2877;0.9946;0.9946;0;1.7432E-8
Automobiles;"Generalized Sign Z";;;;;;;;;;;
Automobiles;"Generalized Sign Z P-Values";;;;;;;;;;;
Automobiles;"Sign Z";;;;;;;;;;;
Automobiles;"Sign Z P-Values";;;;;;;;;;;
Automobiles;"Csect T";0.8663;0.8663;-3.545;1.1544;1.1841;-1.3288;-1.1139;0.8663;0.8663;-1.4454;-2.8681
Automobiles;"Csect T P-Values";0.415;0.415;0.0094;0.2862;0.275;0.2256;0.3021;0.415;0.415;0.1916;0.0241
Automobiles;"StdCSect T";-0.1491;-0.1491;-2.8303;0.8559;1.1403;-1.8628;-1.076;-0.1491;-0.1491;-2.3761;-2.8837
Automobiles;"StdCSect T P-Values";0.8857;0.8857;0.0254;0.4204;0.2917;0.1048;0.3176;0.8857;0.8857;0.0492;0.0235
Automobiles;"Rank Z";;;;;;;;;;;
Automobiles;"Rank Z P-Values";;;;;;;;;;;
Automobiles;"Generalized Rank T";;;;;;;;;;;
Automobiles;"Generalized Rank T P-Values";;;;;;;;;;;
Automobiles;"Generalized Rank Z";;;;;;;;;;;
Automobiles;"Generalized Rank Z P-Values";;;;;;;;;;;
Automobiles;"Adjusted Patell Z";;;;;;;;;;;
Automobiles;"Adjusted Patell Z P-Values";;;;;;;;;;;
Automobiles;"Adjusted StdCSect T";;;;;;;;;;;
Automobiles;"Adjusted StdCSect T P-Values";;;;;;;;;;;
Automobiles;"Skewness-Corrected T";;;;;;;;;;;
Automobiles;"Skewness-Corrected T P-Values";;;;;;;;;;;
Automobiles;"CDA T";;;;;;;;;;;
Automobiles;"CDA T P-Values";;;;;;;;;;;
Automobiles;Wilcoxon;;;;;;;;;;;
Automobiles;"Wilcoxon P-Values";;;;;;;;;;;
"Diversified Telecommunication Services";"Average Abnormal Return (AAR)";-0.0004;-0.0004;-0.0057;0.0007;-0.0032;-0.0203;0.0066;-0.0004;-0.0004;-0.001;-0.0044
"Diversified Telecommunication Services";N;14;14;14;14;14;14;14;14;14;14;14
"Diversified Telecommunication Services";Pos:Neg;5:9;5:9;4:10;7:7;5:9;1:13;10:4;5:9;5:9;6:8;6:8
"Diversified Telecommunication Services";"Patell Z";-0.0905;-0.0905;-1.528;-0.2308;-0.6952;-6.85;2.4849;-0.0905;-0.0905;-0.1551;-0.1717
"Diversified Telecommunication Services";"Patell Z P-Values";0.9279;0.9279;0.1265;0.8175;0.4869;7.3845E-12;0.013;0.9279;0.9279;0.8767;0.8636
"Diversified Telecommunication Services";"Generalized Sign Z";;;;;;;;;;;
"Diversified Telecommunication Services";"Generalized Sign Z P-Values";;;;;;;;;;;
"Diversified Telecommunication Services";"Sign Z";;;;;;;;;;;
"Diversified Telecommunication Services";"Sign Z P-Values";;;;;;;;;;;
"Diversified Telecommunication Services";"Csect T";-1.1104;-1.1104;-2.0017;0.1229;-0.8715;-4.7253;1.4956;-1.1104;-1.1104;-0.2509;-0.6159
"Diversified Telecommunication Services";"Csect T P-Values";0.2869;0.2869;0.0666;0.904;0.3993;0.0004;0.1586;0.2869;0.2869;0.8058;0.5486
"Diversified Telecommunication Services";"StdCSect T";-0.9562;-0.9562;-2.0303;-0.1244;-0.7248;-4.8537;1.9876;-0.9562;-0.9562;-0.125;-0.1253
"Diversified Telecommunication Services";"StdCSect T P-Values";0.3564;0.3564;0.0633;0.9029;0.4814;0.0003;0.0683;0.3564;0.3564;0.9024;0.9022
"Diversified Telecommunication Services";"Rank Z";;;;;;;;;;;
"Diversified Telecommunication Services";"Rank Z P-Values";;;;;;;;;;;
"Diversified Telecommunication Services";"Generalized Rank T";;;;;;;;;;;
"Diversified Telecommunication Services";"Generalized Rank T P-Values";;;;;;;;;;;
"Diversified Telecommunication Services";"Generalized Rank Z";;;;;;;;;;;
"Diversified Telecommunication Services";"Generalized Rank Z P-Values";;;;;;;;;;;
"Diversified Telecommunication Services";"Adjusted Patell Z";;;;;;;;;;;
"Diversified Telecommunication Services";"Adjusted Patell Z P-Values";;;;;;;;;;;
"Diversified Telecommunication Services";"Adjusted StdCSect T";;;;;;;;;;;
"Diversified Telecommunication Services";"Adjusted StdCSect T P-Values";;;;;;;;;;;
"Diversified Telecommunication Services";"Skewness-Corrected T";;;;;;;;;;;
"Diversified Telecommunication Services";"Skewness-Corrected T P-Values";;;;;;;;;;;
"Diversified Telecommunication Services";"CDA T";;;;;;;;;;;
"Diversified Telecommunication Services";"CDA T P-Values";;;;;;;;;;;
"Diversified Telecommunication Services";Wilcoxon;;;;;;;;;;;
"Diversified Telecommunication Services";"Wilcoxon P-Values";;;;;;;;;;;
"Specialized REITs";"Average Abnormal Return (AAR)";-0.0002;-0.0002;-0.0096;-0.0059;0.0029;0.0059;0.0174;-0.0002;-0.0002;0.0118;-0.005
"Specialized REITs";N;2;2;2;2;2;2;2;2;2;2;2
"Specialized REITs";Pos:Neg;1:1;1:1;0:2;1:1;1:1;2:0;2:0;1:1;1:1;2:0;0:2
"Specialized REITs";"Patell Z";-0.0322;-0.0322;-1.2607;-0.805;0.3945;0.7405;2.1554;-0.0322;-0.0322;1.545;-0.645
"Specialized REITs";"Patell Z P-Values";0.9743;0.9743;0.2074;0.4208;0.6932;0.459;0.0311;0.9743;0.9743;0.1223;0.5189
"Specialized REITs";"Generalized Sign Z";;;;;;;;;;;
"Specialized REITs";"Generalized Sign Z P-Values";;;;;;;;;;;
"Specialized REITs";"Sign Z";;;;;;;;;;;
"Specialized REITs";"Sign Z P-Values";;;;;;;;;;;
"Specialized REITs";"Csect T";-0.5714;-0.5714;-5.4857;-0.8369;0.6744;1.5946;3.3462;-0.5714;-0.5714;2.9873;-1.5625
"Specialized REITs";"Csect T P-Values";0.6695;0.6695;0.1148;0.5564;0.6223;0.3566;0.1849;0.6695;0.6695;0.2056;0.3624
"Specialized REITs";"StdCSect T";-0.7049;-0.7049;-6.1271;-0.8493;0.6846;1.568;3.591;-0.7049;-0.7049;3.1316;-1.537
"Specialized REITs";"StdCSect T P-Values";0.6091;0.6091;0.103;0.5518;0.6178;0.3614;0.1729;0.6091;0.6091;0.1968;0.3672
"Specialized REITs";"Rank Z";;;;;;;;;;;
"Specialized REITs";"Rank Z P-Values";;;;;;;;;;;
"Specialized REITs";"Generalized Rank T";;;;;;;;;;;
"Specialized REITs";"Generalized Rank T P-Values";;;;;;;;;;;
"Specialized REITs";"Generalized Rank Z";;;;;;;;;;;
"Specialized REITs";"Generalized Rank Z P-Values";;;;;;;;;;;
"Specialized REITs";"Adjusted Patell Z";;;;;;;;;;;
"Specialized REITs";"Adjusted Patell Z P-Values";;;;;;;;;;;
"Specialized REITs";"Adjusted StdCSect T";;;;;;;;;;;
"Specialized REITs";"Adjusted StdCSect T P-Values";;;;;;;;;;;
"Specialized REITs";"Skewness-Corrected T";;;;;;;;;;;
"Specialized REITs";"Skewness-Corrected T P-Values";;;;;;;;;;;
"Specialized REITs";"CDA T";;;;;;;;;;;
"Specialized REITs";"CDA T P-Values";;;;;;;;;;;
"Specialized REITs";Wilcoxon;;;;;;;;;;;
"Specialized REITs";"Wilcoxon P-Values";;;;;;;;;;;
Entertainment;"Average Abnormal Return (AAR)";0.0002;0.0002;-0.0036;0.0162;-0.0063;0.0006;-0.0129;0.0002;0.0002;0.0195;0.0004
Entertainment;N;5;5;5;5;5;5;5;5;5;5;5
Entertainment;Pos:Neg;3:2;3:2;2:3;4:1;2:3;3:2;2:3;3:2;3:2;4:1;2:3
Entertainment;"Patell Z";0.0132;0.0132;-0.2769;2.0037;-0.7338;0.997;-2.2526;0.0132;0.0132;2.3086;-0.0147
Entertainment;"Patell Z P-Values";0.9894;0.9894;0.7819;0.0451;0.4631;0.3188;0.0243;0.9894;0.9894;0.021;0.9883
Entertainment;"Generalized Sign Z";;;;;;;;;;;
Entertainment;"Generalized Sign Z P-Values";;;;;;;;;;;
Entertainment;"Sign Z";;;;;;;;;;;
Entertainment;"Sign Z P-Values";;;;;;;;;;;
Entertainment;"Csect T";0.5188;0.5188;-0.6222;1.7836;-1.2168;0.0385;-0.9462;0.5188;0.5188;1.4393;0.06
Entertainment;"Csect T P-Values";0.6313;0.6313;0.5675;0.1491;0.2906;0.9712;0.3976;0.6313;0.6313;0.2235;0.955
Entertainment;"StdCSect T";0.222;0.222;-0.3966;1.8756;-0.9897;0.5325;-1.2905;0.222;0.222;1.1934;-0.0166
Entertainment;"StdCSect T P-Values";0.8352;0.8352;0.7119;0.134;0.3783;0.6226;0.2664;0.8352;0.8352;0.2987;0.9876
Entertainment;"Rank Z";;;;;;;;;;;
Entertainment;"Rank Z P-Values";;;;;;;;;;;
Entertainment;"Generalized Rank T";;;;;;;;;;;
Entertainment;"Generalized Rank T P-Values";;;;;;;;;;;
Entertainment;"Generalized Rank Z";;;;;;;;;;;
Entertainment;"Generalized Rank Z P-Values";;;;;;;;;;;
Entertainment;"Adjusted Patell Z";;;;;;;;;;;
Entertainment;"Adjusted Patell Z P-Values";;;;;;;;;;;
Entertainment;"Adjusted StdCSect T";;;;;;;;;;;
Entertainment;"Adjusted StdCSect T P-Values";;;;;;;;;;;
Entertainment;"Skewness-Corrected T";;;;;;;;;;;
Entertainment;"Skewness-Corrected T P-Values";;;;;;;;;;;
Entertainment;"CDA T";;;;;;;;;;;
Entertainment;"CDA T P-Values";;;;;;;;;;;
Entertainment;Wilcoxon;;;;;;;;;;;
Entertainment;"Wilcoxon P-Values";;;;;;;;;;;
"Office REITs";"Average Abnormal Return (AAR)";0.0007;0.0007;-0.0047;-0.0072;-0.006;0.0019;0.0176;0.0007;0.0007;-0.0198;-0.0112
"Office REITs";N;3;3;3;3;3;3;3;3;3;3;3
"Office REITs";Pos:Neg;3:0;3:0;0:3;0:3;1:2;2:1;3:0;3:0;3:0;0:3;2:1
"Office REITs";"Patell Z";0.1232;0.1232;-0.9055;-1.3544;-1.1787;0.2782;3.0276;0.1232;0.1232;-3.8291;-2.0657
"Office REITs";"Patell Z P-Values";0.9019;0.9019;0.3652;0.1756;0.2385;0.7809;0.0025;0.9019;0.9019;0.0001;0.0389
"Office REITs";"Generalized Sign Z";;;;;;;;;;;
"Office REITs";"Generalized Sign Z P-Values";;;;;;;;;;;
"Office REITs";"Sign Z";;;;;;;;;;;
"Office REITs";"Sign Z P-Values";;;;;;;;;;;
"Office REITs";"Csect T";4.8177;4.8177;-2.4953;-1.2866;-1.1866;0.6168;2.2265;4.8177;4.8177;-6.4703;-0.5331
"Office REITs";"Csect T P-Values";0.0405;0.0405;0.13;0.327;0.3572;0.6002;0.1559;0.0405;0.0405;0.0231;0.6473
"Office REITs";"StdCSect T";6.1436;6.1436;-2.4852;-1.3202;-1.2718;0.4905;2.2373;6.1436;6.1436;-4.5216;-0.5564
"Office REITs";"StdCSect T P-Values";0.0255;0.0255;0.1309;0.3176;0.3313;0.6723;0.1547;0.0255;0.0255;0.0456;0.6339
"Office REITs";"Rank Z";;;;;;;;;;;
"Office REITs";"Rank Z P-Values";;;;;;;;;;;
"Office REITs";"Generalized Rank T";;;;;;;;;;;
"Office REITs";"Generalized Rank T P-Values";;;;;;;;;;;
"Office REITs";"Generalized Rank Z";;;;;;;;;;;
"Office REITs";"Generalized Rank Z P-Values";;;;;;;;;;;
"Office REITs";"Adjusted Patell Z";;;;;;;;;;;
"Office REITs";"Adjusted Patell Z P-Values";;;;;;;;;;;
"Office REITs";"Adjusted StdCSect T";;;;;;;;;;;
"Office REITs";"Adjusted StdCSect T P-Values";;;;;;;;;;;
"Office REITs";"Skewness-Corrected T";;;;;;;;;;;
"Office REITs";"Skewness-Corrected T P-Values";;;;;;;;;;;
"Office REITs";"CDA T";;;;;;;;;;;
"Office REITs";"CDA T P-Values";;;;;;;;;;;
"Office REITs";Wilcoxon;;;;;;;;;;;
"Office REITs";"Wilcoxon P-Values";;;;;;;;;;;
"Automobile Components";"Average Abnormal Return (AAR)";0.0008;0.0008;-0.0182;0.0056;-0.0042;-0.0312;-0.0469;0.0008;0.0008;-0.0587;-0.0804
"Automobile Components";N;6;6;6;6;6;6;6;6;6;6;6
"Automobile Components";Pos:Neg;4:2;4:2;0:6;4:2;3:3;1:5;0:6;4:2;4:2;1:5;0:6
"Automobile Components";"Patell Z";0.1106;0.1106;-2.879;0.583;-0.8018;-4.8735;-7.1402;0.1106;0.1106;-9.6836;-12.4244
"Automobile Components";"Patell Z P-Values";0.912;0.912;0.004;0.5599;0.4227;1.0964E-6;9.3203E-13;0.912;0.912;3.5392E-22;1.9272E-35
"Automobile Components";"Generalized Sign Z";;;;;;;;;;;
"Automobile Components";"Generalized Sign Z P-Values";;;;;;;;;;;
"Automobile Components";"Sign Z";;;;;;;;;;;
"Automobile Components";"Sign Z P-Values";;;;;;;;;;;
"Automobile Components";"Csect T";1.5057;1.5057;-4.0768;0.793;-1.1919;-1.6321;-2.2372;1.5057;1.5057;-1.641;-3.3557
"Automobile Components";"Csect T P-Values";0.1925;0.1925;0.0096;0.4637;0.2868;0.1636;0.0755;0.1925;0.1925;0.1617;0.0202
"Automobile Components";"StdCSect T";1.2541;1.2541;-5.1987;0.4736;-1.3167;-1.6316;-2.3232;1.2541;1.2541;-1.651;-3.3808
"Automobile Components";"StdCSect T P-Values";0.2652;0.2652;0.0035;0.6557;0.2451;0.1637;0.0678;0.2652;0.2652;0.1597;0.0197
"Automobile Components";"Rank Z";;;;;;;;;;;
"Automobile Components";"Rank Z P-Values";;;;;;;;;;;
"Automobile Components";"Generalized Rank T";;;;;;;;;;;
"Automobile Components";"Generalized Rank T P-Values";;;;;;;;;;;
"Automobile Components";"Generalized Rank Z";;;;;;;;;;;
"Automobile Components";"Generalized Rank Z P-Values";;;;;;;;;;;
"Automobile Components";"Adjusted Patell Z";;;;;;;;;;;
"Automobile Components";"Adjusted Patell Z P-Values";;;;;;;;;;;
"Automobile Components";"Adjusted StdCSect T";;;;;;;;;;;
"Automobile Components";"Adjusted StdCSect T P-Values";;;;;;;;;;;
"Automobile Components";"Skewness-Corrected T";;;;;;;;;;;
"Automobile Components";"Skewness-Corrected T P-Values";;;;;;;;;;;
"Automobile Components";"CDA T";;;;;;;;;;;
"Automobile Components";"CDA T P-Values";;;;;;;;;;;
"Automobile Components";Wilcoxon;;;;;;;;;;;
"Automobile Components";"Wilcoxon P-Values";;;;;;;;;;;
"Construction Materials";"Average Abnormal Return (AAR)";-0.0008;-0.0008;0.0046;-0.0219;-0.0222;-0.0484;0.0052;-0.0008;-0.0008;-0.0052;-0.0204
"Construction Materials";N;4;4;4;4;4;4;4;4;4;4;4
"Construction Materials";Pos:Neg;0:4;0:4;3:1;0:4;0:4;0:4;3:1;0:4;0:4;1:3;1:3
"Construction Materials";"Patell Z";-0.1815;-0.1815;1.0104;-4.8866;-4.95;-9.8079;0.818;-0.1815;-0.1815;-1.0347;-4.1036
"Construction Materials";"Patell Z P-Values";0.8559;0.8559;0.3123;1.0259E-6;7.4224E-7;1.041E-22;0.4134;0.8559;0.8559;0.3008;0
"Construction Materials";"Generalized Sign Z";;;;;;;;;;;
"Construction Materials";"Generalized Sign Z P-Values";;;;;;;;;;;
"Construction Materials";"Sign Z";;;;;;;;;;;
"Construction Materials";"Sign Z P-Values";;;;;;;;;;;
"Construction Materials";"Csect T";-3.8901;-3.8901;1.1483;-4.2961;-6.3496;-2.759;0.5461;-3.8901;-3.8901;-0.6212;-1.6226
"Construction Materials";"Csect T P-Values";0.0301;0.0301;0.3341;0.0232;0.0079;0.0702;0.623;0.0301;0.0301;0.5785;0.2031
"Construction Materials";"StdCSect T";-3.1712;-3.1712;1.2247;-4.6217;-7.9844;-2.9843;0.4018;-3.1712;-3.1712;-0.577;-1.6162
"Construction Materials";"StdCSect T P-Values";0.0504;0.0504;0.3081;0.0191;0.0041;0.0584;0.7148;0.0504;0.0504;0.6044;0.2045
"Construction Materials";"Rank Z";;;;;;;;;;;
"Construction Materials";"Rank Z P-Values";;;;;;;;;;;
"Construction Materials";"Generalized Rank T";;;;;;;;;;;
"Construction Materials";"Generalized Rank T P-Values";;;;;;;;;;;
"Construction Materials";"Generalized Rank Z";;;;;;;;;;;
"Construction Materials";"Generalized Rank Z P-Values";;;;;;;;;;;
"Construction Materials";"Adjusted Patell Z";;;;;;;;;;;
"Construction Materials";"Adjusted Patell Z P-Values";;;;;;;;;;;
"Construction Materials";"Adjusted StdCSect T";;;;;;;;;;;
"Construction Materials";"Adjusted StdCSect T P-Values";;;;;;;;;;;
"Construction Materials";"Skewness-Corrected T";;;;;;;;;;;
"Construction Materials";"Skewness-Corrected T P-Values";;;;;;;;;;;
"Construction Materials";"CDA T";;;;;;;;;;;
"Construction Materials";"CDA T P-Values";;;;;;;;;;;
"Construction Materials";Wilcoxon;;;;;;;;;;;
"Construction Materials";"Wilcoxon P-Values";;;;;;;;;;;
"Air Freight & Logistics";"Average Abnormal Return (AAR)";0.0017;0.0017;0.0047;-0.0194;-0.0224;-0.0023;0.0109;0.0017;0.0017;0.0194;-0.0105
"Air Freight & Logistics";N;4;4;4;4;4;4;4;4;4;4;4
"Air Freight & Logistics";Pos:Neg;3:1;3:1;3:1;0:4;0:4;1:3;4:0;3:1;3:1;3:1;2:2
"Air Freight & Logistics";"Patell Z";0.1197;0.1197;0.1176;-2.9753;-2.5061;0.0051;0.8399;0.1197;0.1197;1.4783;-0.139
"Air Freight & Logistics";"Patell Z P-Values";0.9047;0.9047;0.9064;0.0029;0.0122;0.996;0.401;0.9047;0.9047;0.1393;0.8894
"Air Freight & Logistics";"Generalized Sign Z";;;;;;;;;;;
"Air Freight & Logistics";"Generalized Sign Z P-Values";;;;;;;;;;;
"Air Freight & Logistics";"Sign Z";;;;;;;;;;;
"Air Freight & Logistics";"Sign Z P-Values";;;;;;;;;;;
"Air Freight & Logistics";"Csect T";1.2169;1.2169;0.7171;-3.1327;-3.4902;-0.2111;1.5104;1.2169;1.2169;1.6031;-0.4961
"Air Freight & Logistics";"Csect T P-Values";0.3107;0.3107;0.5251;0.052;0.0398;0.8464;0.2281;0.3107;0.3107;0.2072;0.6539
"Air Freight & Logistics";"StdCSect T";1.3576;1.3576;0.1117;-2.7539;-6.4212;0.0036;2.4084;1.3576;1.3576;1.2601;-0.0891
"Air Freight & Logistics";"StdCSect T P-Values";0.2677;0.2677;0.9181;0.0705;0.0077;0.9973;0.0952;0.2677;0.2677;0.2967;0.9346
"Air Freight & Logistics";"Rank Z";;;;;;;;;;;
"Air Freight & Logistics";"Rank Z P-Values";;;;;;;;;;;
"Air Freight & Logistics";"Generalized Rank T";;;;;;;;;;;
"Air Freight & Logistics";"Generalized Rank T P-Values";;;;;;;;;;;
"Air Freight & Logistics";"Generalized Rank Z";;;;;;;;;;;
"Air Freight & Logistics";"Generalized Rank Z P-Values";;;;;;;;;;;
"Air Freight & Logistics";"Adjusted Patell Z";;;;;;;;;;;
"Air Freight & Logistics";"Adjusted Patell Z P-Values";;;;;;;;;;;
"Air Freight & Logistics";"Adjusted StdCSect T";;;;;;;;;;;
"Air Freight & Logistics";"Adjusted StdCSect T P-Values";;;;;;;;;;;
"Air Freight & Logistics";"Skewness-Corrected T";;;;;;;;;;;
"Air Freight & Logistics";"Skewness-Corrected T P-Values";;;;;;;;;;;
"Air Freight & Logistics";"CDA T";;;;;;;;;;;
"Air Freight & Logistics";"CDA T P-Values";;;;;;;;;;;
"Air Freight & Logistics";Wilcoxon;;;;;;;;;;;
"Air Freight & Logistics";"Wilcoxon P-Values";;;;;;;;;;;
Distributors;"Average Abnormal Return (AAR)";-0.0007;-0.0007;0.0017;0.0035;0.0036;-0.0438;-0.0106;-0.0007;-0.0007;0.0056;-0.0082
Distributors;N;2;2;2;2;2;2;2;2;2;2;2
Distributors;Pos:Neg;0:2;0:2;2:0;1:1;1:1;1:1;0:2;0:2;0:2;2:0;1:1
Distributors;"Patell Z";-0.09;-0.09;0.2663;0.263;0.8054;-8.2984;-1.2145;-0.09;-0.09;0.8385;-1.7873
Distributors;"Patell Z P-Values";0.9283;0.9283;0.79;0.7926;0.4206;1.0554E-16;0.2245;0.9283;0.9283;0.4018;0.0739
Distributors;"Generalized Sign Z";;;;;;;;;;;
Distributors;"Generalized Sign Z P-Values";;;;;;;;;;;
Distributors;"Sign Z";;;;;;;;;;;
Distributors;"Sign Z P-Values";;;;;;;;;;;
Distributors;"Csect T";-3.5;-3.5;2.125;0.614;0.4645;-0.6475;-2.2083;-3.5;-3.5;3.6129;-0.4646
Distributors;"Csect T P-Values";0.1772;0.1772;0.28;0.6494;0.7232;0.6342;0.2707;0.1772;0.1772;0.1719;0.7231
Distributors;"StdCSect T";-701;-701;1.5009;0.3994;0.6569;-0.7875;-5.1749;-701;-701;1.915;-0.6629
Distributors;"StdCSect T P-Values";0.0009;0.0009;0.3742;0.7581;0.63;0.5753;0.1215;0.0009;0.0009;0.3064;0.6273
Distributors;"Rank Z";;;;;;;;;;;
Distributors;"Rank Z P-Values";;;;;;;;;;;
Distributors;"Generalized Rank T";;;;;;;;;;;
Distributors;"Generalized Rank T P-Values";;;;;;;;;;;
Distributors;"Generalized Rank Z";;;;;;;;;;;
Distributors;"Generalized Rank Z P-Values";;;;;;;;;;;
Distributors;"Adjusted Patell Z";;;;;;;;;;;
Distributors;"Adjusted Patell Z P-Values";;;;;;;;;;;
Distributors;"Adjusted StdCSect T";;;;;;;;;;;
Distributors;"Adjusted StdCSect T P-Values";;;;;;;;;;;
Distributors;"Skewness-Corrected T";;;;;;;;;;;
Distributors;"Skewness-Corrected T P-Values";;;;;;;;;;;
Distributors;"CDA T";;;;;;;;;;;
Distributors;"CDA T P-Values";;;;;;;;;;;
Distributors;Wilcoxon;;;;;;;;;;;
Distributors;"Wilcoxon P-Values";;;;;;;;;;;
"Independent Power and Renewable Electricity Producers";"Average Abnormal Return (AAR)";0.0002;0.0002;0.0035;-0.0018;-0.0141;0.057;-0.006;0.0002;0.0002;0.0453;-0.0226
"Independent Power and Renewable Electricity Producers";N;6;6;6;6;6;6;6;6;6;6;6
"Independent Power and Renewable Electricity Producers";Pos:Neg;3:3;3:3;2:4;4:2;3:3;5:1;3:3;3:3;3:3;5:1;2:4
"Independent Power and Renewable Electricity Producers";"Patell Z";0.0009;0.0009;0.1822;-1.1834;-4.4903;4.4695;1.0073;0.0009;0.0009;5.2321;-6.1471
"Independent Power and Renewable Electricity Producers";"Patell Z P-Values";0.9993;0.9993;0.8554;0.2367;7.113E-6;7.8386E-6;0.3138;0.9993;0.9993;1.6763E-7;7.8922E-10
"Independent Power and Renewable Electricity Producers";"Generalized Sign Z";;;;;;;;;;;
"Independent Power and Renewable Electricity Producers";"Generalized Sign Z P-Values";;;;;;;;;;;
"Independent Power and Renewable Electricity Producers";"Sign Z";;;;;;;;;;;
"Independent Power and Renewable Electricity Producers";"Sign Z P-Values";;;;;;;;;;;
"Independent Power and Renewable Electricity Producers";"Csect T";0.2904;0.2904;0.4915;-0.2681;-0.8377;1.2483;-0.3172;0.2904;0.2904;1.8278;-1.0059
"Independent Power and Renewable Electricity Producers";"Csect T P-Values";0.7832;0.7832;0.6439;0.7993;0.4404;0.2672;0.7639;0.7832;0.7832;0.1271;0.3606
"Independent Power and Renewable Electricity Producers";"StdCSect T";0.0083;0.0083;0.1702;-0.6764;-0.9357;0.507;0.3429;0.0083;0.0083;1.013;-1.4532
"Independent Power and Renewable Electricity Producers";"StdCSect T P-Values";0.9937;0.9937;0.8716;0.5288;0.3924;0.6337;0.7456;0.9937;0.9937;0.3575;0.2059
"Independent Power and Renewable Electricity Producers";"Rank Z";;;;;;;;;;;
"Independent Power and Renewable Electricity Producers";"Rank Z P-Values";;;;;;;;;;;
"Independent Power and Renewable Electricity Producers";"Generalized Rank T";;;;;;;;;;;
"Independent Power and Renewable Electricity Producers";"Generalized Rank T P-Values";;;;;;;;;;;
"Independent Power and Renewable Electricity Producers";"Generalized Rank Z";;;;;;;;;;;
"Independent Power and Renewable Electricity Producers";"Generalized Rank Z P-Values";;;;;;;;;;;
"Independent Power and Renewable Electricity Producers";"Adjusted Patell Z";;;;;;;;;;;
"Independent Power and Renewable Electricity Producers";"Adjusted Patell Z P-Values";;;;;;;;;;;
"Independent Power and Renewable Electricity Producers";"Adjusted StdCSect T";;;;;;;;;;;
"Independent Power and Renewable Electricity Producers";"Adjusted StdCSect T P-Values";;;;;;;;;;;
"Independent Power and Renewable Electricity Producers";"Skewness-Corrected T";;;;;;;;;;;
"Independent Power and Renewable Electricity Producers";"Skewness-Corrected T P-Values";;;;;;;;;;;
"Independent Power and Renewable Electricity Producers";"CDA T";;;;;;;;;;;
"Independent Power and Renewable Electricity Producers";"CDA T P-Values";;;;;;;;;;;
"Independent Power and Renewable Electricity Producers";Wilcoxon;;;;;;;;;;;
"Independent Power and Renewable Electricity Producers";"Wilcoxon P-Values";;;;;;;;;;;
"Commercial Services & Supplies";"Average Abnormal Return (AAR)";0.0006;0.0006;-0.0121;0.0092;-0.0042;0.0003;-0.0213;0.0006;0.0006;0.0081;-0.0092
"Commercial Services & Supplies";N;6;6;6;6;6;6;6;6;6;6;6
"Commercial Services & Supplies";Pos:Neg;4:2;4:2;0:6;5:1;0:6;4:2;2:4;4:2;4:2;4:2;3:3
"Commercial Services & Supplies";"Patell Z";0.108;0.108;-2.3962;1.7681;-0.8528;-0.0316;-3.7115;0.108;0.108;1.2099;-2.3395
"Commercial Services & Supplies";"Patell Z P-Values";0.914;0.914;0.0166;0.077;0.3938;0.9748;0.0002;0.914;0.914;0.2263;0.0193
"Commercial Services & Supplies";"Generalized Sign Z";;;;;;;;;;;
"Commercial Services & Supplies";"Generalized Sign Z P-Values";;;;;;;;;;;
"Commercial Services & Supplies";"Sign Z";;;;;;;;;;;
"Commercial Services & Supplies";"Sign Z P-Values";;;;;;;;;;;
"Commercial Services & Supplies";"Csect T";1.5833;1.5833;-3.3546;1.7129;-3.4857;0.0438;-1.5496;1.5833;1.5833;0.5766;-0.6456
"Commercial Services & Supplies";"Csect T P-Values";0.1742;0.1742;0.0202;0.1474;0.0176;0.9668;0.1819;0.1742;0.1742;0.5892;0.547
"Commercial Services & Supplies";"StdCSect T";1.3992;1.3992;-3.0819;1.5483;-3.2056;-0.026;-1.5079;1.3992;1.3992;0.4064;-0.8701
"Commercial Services & Supplies";"StdCSect T P-Values";0.2206;0.2206;0.0274;0.1822;0.0238;0.9803;0.1919;0.2206;0.2206;0.7012;0.4241
"Commercial Services & Supplies";"Rank Z";;;;;;;;;;;
"Commercial Services & Supplies";"Rank Z P-Values";;;;;;;;;;;
"Commercial Services & Supplies";"Generalized Rank T";;;;;;;;;;;
"Commercial Services & Supplies";"Generalized Rank T P-Values";;;;;;;;;;;
"Commercial Services & Supplies";"Generalized Rank Z";;;;;;;;;;;
"Commercial Services & Supplies";"Generalized Rank Z P-Values";;;;;;;;;;;
"Commercial Services & Supplies";"Adjusted Patell Z";;;;;;;;;;;
"Commercial Services & Supplies";"Adjusted Patell Z P-Values";;;;;;;;;;;
"Commercial Services & Supplies";"Adjusted StdCSect T";;;;;;;;;;;
"Commercial Services & Supplies";"Adjusted StdCSect T P-Values";;;;;;;;;;;
"Commercial Services & Supplies";"Skewness-Corrected T";;;;;;;;;;;
"Commercial Services & Supplies";"Skewness-Corrected T P-Values";;;;;;;;;;;
"Commercial Services & Supplies";"CDA T";;;;;;;;;;;
"Commercial Services & Supplies";"CDA T P-Values";;;;;;;;;;;
"Commercial Services & Supplies";Wilcoxon;;;;;;;;;;;
"Commercial Services & Supplies";"Wilcoxon P-Values";;;;;;;;;;;
"Gas Utilities";"Average Abnormal Return (AAR)";-0.0001;-0.0001;-0.0096;-0.0113;0.0046;0.0012;0.0225;-0.0001;-0.0001;0.0054;-0.0048
"Gas Utilities";N;5;5;5;5;5;5;5;5;5;5;5
"Gas Utilities";Pos:Neg;2:3;2:3;2:3;0:5;4:1;3:2;5:0;2:3;2:3;4:1;2:3
"Gas Utilities";"Patell Z";-0.018;-0.018;-1.2021;-2.1804;1.1054;0.5578;4.9962;-0.018;-0.018;1.1699;-0.8448
"Gas Utilities";"Patell Z P-Values";0.9857;0.9857;0.2293;0.0292;0.269;0.577;5.8483E-7;0.9857;0.9857;0.242;0.3982
"Gas Utilities";"Generalized Sign Z";;;;;;;;;;;
"Gas Utilities";"Generalized Sign Z P-Values";;;;;;;;;;;
"Gas Utilities";"Sign Z";;;;;;;;;;;
"Gas Utilities";"Sign Z P-Values";;;;;;;;;;;
"Gas Utilities";"Csect T";-0.6376;-0.6376;-1.0654;-3.1863;1.8549;0.3333;5.7113;-0.6376;-0.6376;1.0536;-0.7709
"Gas Utilities";"Csect T P-Values";0.5584;0.5584;0.3467;0.0333;0.1372;0.7557;0.0046;0.5584;0.5584;0.3515;0.4838
"Gas Utilities";"StdCSect T";-0.5688;-0.5688;-0.8398;-4.2692;1.6269;0.7507;4.1878;-0.5688;-0.5688;1.4321;-0.686
"Gas Utilities";"StdCSect T P-Values";0.5999;0.5999;0.4483;0.013;0.1791;0.4946;0.0138;0.5999;0.5999;0.2254;0.5304
"Gas Utilities";"Rank Z";;;;;;;;;;;
"Gas Utilities";"Rank Z P-Values";;;;;;;;;;;
"Gas Utilities";"Generalized Rank T";;;;;;;;;;;
"Gas Utilities";"Generalized Rank T P-Values";;;;;;;;;;;
"Gas Utilities";"Generalized Rank Z";;;;;;;;;;;
"Gas Utilities";"Generalized Rank Z P-Values";;;;;;;;;;;
"Gas Utilities";"Adjusted Patell Z";;;;;;;;;;;
"Gas Utilities";"Adjusted Patell Z P-Values";;;;;;;;;;;
"Gas Utilities";"Adjusted StdCSect T";;;;;;;;;;;
"Gas Utilities";"Adjusted StdCSect T P-Values";;;;;;;;;;;
"Gas Utilities";"Skewness-Corrected T";;;;;;;;;;;
"Gas Utilities";"Skewness-Corrected T P-Values";;;;;;;;;;;
"Gas Utilities";"CDA T";;;;;;;;;;;
"Gas Utilities";"CDA T P-Values";;;;;;;;;;;
"Gas Utilities";Wilcoxon;;;;;;;;;;;
"Gas Utilities";"Wilcoxon P-Values";;;;;;;;;;;
"Communications Equipment";"Average Abnormal Return (AAR)";-0.0001;-0.0001;0.0006;0.0042;-0.0104;0.0216;-0.0076;-0.0001;-0.0001;-0.0422;-0.0045
"Communications Equipment";N;2;2;2;2;2;2;2;2;2;2;2
"Communications Equipment";Pos:Neg;1:1;1:1;1:1;2:0;0:2;2:0;0:2;1:1;1:1;0:2;1:1
"Communications Equipment";"Patell Z";-0.002;-0.002;-0.0204;0.442;-1.1654;2.2483;-0.8611;-0.002;-0.002;-4.3315;-0.3632
"Communications Equipment";"Patell Z P-Values";0.9984;0.9984;0.9837;0.6585;0.2438;0.0246;0.3892;0.9984;0.9984;0;0.7164
"Communications Equipment";"Generalized Sign Z";;;;;;;;;;;
"Communications Equipment";"Generalized Sign Z P-Values";;;;;;;;;;;
"Communications Equipment";"Sign Z";;;;;;;;;;;
"Communications Equipment";"Sign Z P-Values";;;;;;;;;;;
"Communications Equipment";"Csect T";-0.2857;-0.2857;0.0702;1.5556;-34.6667;13.0909;-1.1095;-0.2857;-0.2857;-1.1299;-0.3462
"Communications Equipment";"Csect T P-Values";0.8228;0.8228;0.9554;0.3637;0.0184;0.0485;0.467;0.8228;0.8228;0.4612;0.7879
"Communications Equipment";"StdCSect T";-0.0526;-0.0526;-0.0217;1.7059;-8.3723;111.1776;-1.0847;-0.0526;-0.0526;-1.1562;-0.2661
"Communications Equipment";"StdCSect T P-Values";0.9665;0.9665;0.9862;0.3375;0.0757;0.0057;0.4742;0.9665;0.9665;0.454;0.8344
"Communications Equipment";"Rank Z";;;;;;;;;;;
"Communications Equipment";"Rank Z P-Values";;;;;;;;;;;
"Communications Equipment";"Generalized Rank T";;;;;;;;;;;
"Communications Equipment";"Generalized Rank T P-Values";;;;;;;;;;;
"Communications Equipment";"Generalized Rank Z";;;;;;;;;;;
"Communications Equipment";"Generalized Rank Z P-Values";;;;;;;;;;;
"Communications Equipment";"Adjusted Patell Z";;;;;;;;;;;
"Communications Equipment";"Adjusted Patell Z P-Values";;;;;;;;;;;
"Communications Equipment";"Adjusted StdCSect T";;;;;;;;;;;
"Communications Equipment";"Adjusted StdCSect T P-Values";;;;;;;;;;;
"Communications Equipment";"Skewness-Corrected T";;;;;;;;;;;
"Communications Equipment";"Skewness-Corrected T P-Values";;;;;;;;;;;
"Communications Equipment";"CDA T";;;;;;;;;;;
"Communications Equipment";"CDA T P-Values";;;;;;;;;;;
"Communications Equipment";Wilcoxon;;;;;;;;;;;
"Communications Equipment";"Wilcoxon P-Values";;;;;;;;;;;
"Household Products";"Average Abnormal Return (AAR)";9.035E-21;9.035E-21;-0.0074;-0.0066;0.0081;-0.0315;0.0238;9.035E-21;9.035E-21;-0.015;-0.0054
"Household Products";N;3;3;3;3;3;3;3;3;3;3;3
"Household Products";Pos:Neg;2:1;2:1;1:2;0:3;2:1;0:3;3:0;2:1;2:1;1:2;1:2
"Household Products";"Patell Z";-0.0095;-0.0095;-0.7405;-0.9032;0.9415;-3.89;2.9706;-0.0095;-0.0095;-1.8885;-0.511
"Household Products";"Patell Z P-Values";0.9924;0.9924;0.459;0.3664;0.3464;0.0001;0.003;0.9924;0.9924;0.059;0.6093
"Household Products";"Generalized Sign Z";;;;;;;;;;;
"Household Products";"Generalized Sign Z P-Values";;;;;;;;;;;
"Household Products";"Sign Z";;;;;;;;;;;
"Household Products";"Sign Z P-Values";;;;;;;;;;;
"Household Products";"Csect T";2.5059E-17;2.5059E-17;-0.607;-2.288;1.1601;-5.3546;4.1111;2.5059E-17;2.5059E-17;-1.5506;-0.8303
"Household Products";"Csect T P-Values";1;1;0.6056;0.1494;0.3658;0.0332;0.0544;1;1;0.2612;0.4937
"Household Products";"StdCSect T";-0.1686;-0.1686;-0.4122;-2.1088;1.278;-13.9831;4.4204;-0.1686;-0.1686;-1.3855;-0.584
"Household Products";"StdCSect T P-Values";0.8816;0.8816;0.7202;0.1695;0.3295;0.0051;0.0476;0.8816;0.8816;0.3002;0.6183
"Household Products";"Rank Z";;;;;;;;;;;
"Household Products";"Rank Z P-Values";;;;;;;;;;;
"Household Products";"Generalized Rank T";;;;;;;;;;;
"Household Products";"Generalized Rank T P-Values";;;;;;;;;;;
"Household Products";"Generalized Rank Z";;;;;;;;;;;
"Household Products";"Generalized Rank Z P-Values";;;;;;;;;;;
"Household Products";"Adjusted Patell Z";;;;;;;;;;;
"Household Products";"Adjusted Patell Z P-Values";;;;;;;;;;;
"Household Products";"Adjusted StdCSect T";;;;;;;;;;;
"Household Products";"Adjusted StdCSect T P-Values";;;;;;;;;;;
"Household Products";"Skewness-Corrected T";;;;;;;;;;;
"Household Products";"Skewness-Corrected T P-Values";;;;;;;;;;;
"Household Products";"CDA T";;;;;;;;;;;
"Household Products";"CDA T P-Values";;;;;;;;;;;
"Household Products";Wilcoxon;;;;;;;;;;;
"Household Products";"Wilcoxon P-Values";;;;;;;;;;;
"Wireless Telecommunication Services";"Average Abnormal Return (AAR)";-0.0002;-0.0002;-0.0258;-0.0035;-0.0027;-0.0282;0.0185;-0.0002;-0.0002;-0.0084;-0.0115
"Wireless Telecommunication Services";N;4;4;4;4;4;4;4;4;4;4;4
"Wireless Telecommunication Services";Pos:Neg;2:2;2:2;0:4;2:2;1:3;1:3;3:1;2:2;2:2;2:2;1:3
"Wireless Telecommunication Services";"Patell Z";-0.0316;-0.0316;-3.9562;-0.8976;-0.3027;-4.5577;3.1916;-0.0316;-0.0316;-1.3813;-1.5805
"Wireless Telecommunication Services";"Patell Z P-Values";0.9748;0.9748;0.0001;0.3694;0.7621;5.1706E-6;0.0014;0.9748;0.9748;0.1672;0.114
"Wireless Telecommunication Services";"Generalized Sign Z";;;;;;;;;;;
"Wireless Telecommunication Services";"Generalized Sign Z P-Values";;;;;;;;;;;
"Wireless Telecommunication Services";"Sign Z";;;;;;;;;;;
"Wireless Telecommunication Services";"Sign Z P-Values";;;;;;;;;;;
"Wireless Telecommunication Services";"Csect T";-0.2277;-0.2277;-1.9271;-0.3273;-0.5867;-2.7405;1.3155;-0.2277;-0.2277;-1.0737;-1.5141
"Wireless Telecommunication Services";"Csect T P-Values";0.8345;0.8345;0.1496;0.765;0.5986;0.0713;0.2798;0.8345;0.8345;0.3617;0.2272
"Wireless Telecommunication Services";"StdCSect T";-0.2477;-0.2477;-2.0921;-0.4935;-0.4202;-2.5487;1.3276;-0.2477;-0.2477;-0.9864;-1.4829
"Wireless Telecommunication Services";"StdCSect T P-Values";0.8204;0.8204;0.1275;0.6555;0.7026;0.084;0.2763;0.8204;0.8204;0.3967;0.2347
"Wireless Telecommunication Services";"Rank Z";;;;;;;;;;;
"Wireless Telecommunication Services";"Rank Z P-Values";;;;;;;;;;;
"Wireless Telecommunication Services";"Generalized Rank T";;;;;;;;;;;
"Wireless Telecommunication Services";"Generalized Rank T P-Values";;;;;;;;;;;
"Wireless Telecommunication Services";"Generalized Rank Z";;;;;;;;;;;
"Wireless Telecommunication Services";"Generalized Rank Z P-Values";;;;;;;;;;;
"Wireless Telecommunication Services";"Adjusted Patell Z";;;;;;;;;;;
"Wireless Telecommunication Services";"Adjusted Patell Z P-Values";;;;;;;;;;;
"Wireless Telecommunication Services";"Adjusted StdCSect T";;;;;;;;;;;
"Wireless Telecommunication Services";"Adjusted StdCSect T P-Values";;;;;;;;;;;
"Wireless Telecommunication Services";"Skewness-Corrected T";;;;;;;;;;;
"Wireless Telecommunication Services";"Skewness-Corrected T P-Values";;;;;;;;;;;
"Wireless Telecommunication Services";"CDA T";;;;;;;;;;;
"Wireless Telecommunication Services";"CDA T P-Values";;;;;;;;;;;
"Wireless Telecommunication Services";Wilcoxon;;;;;;;;;;;
"Wireless Telecommunication Services";"Wilcoxon P-Values";;;;;;;;;;;
Media;"Average Abnormal Return (AAR)";0.0003;0.0003;0.0002;-0.0055;-0.0016;-0.0054;-0.0071;0.0003;0.0003;0.0018;-0.021
Media;N;9;9;9;9;9;9;9;9;9;9;9
Media;Pos:Neg;4:5;4:5;5:4;3:6;5:4;4:5;4:5;4:5;4:5;4:5;2:7
Media;"Patell Z";0.0112;0.0112;0.2178;-1.5113;0.0438;-3.0756;-0.7539;0.0112;0.0112;-0.2411;-3.3458
Media;"Patell Z P-Values";0.991;0.991;0.8276;0.1307;0.965;0.0021;0.4509;0.991;0.991;0.8095;0.0008
Media;"Generalized Sign Z";;;;;;;;;;;
Media;"Generalized Sign Z P-Values";;;;;;;;;;;
Media;"Sign Z";;;;;;;;;;;
Media;"Sign Z P-Values";;;;;;;;;;;
Media;"Csect T";0.4956;0.4956;0.0399;-1.0331;-0.5184;-0.3122;-1.068;0.4956;0.4956;0.2464;-1.9451
Media;"Csect T P-Values";0.6335;0.6335;0.9691;0.3318;0.6182;0.7629;0.3167;0.6335;0.6335;0.8116;0.0877
Media;"StdCSect T";0.1072;0.1072;0.2559;-1.7925;0.0735;-0.8965;-0.6364;0.1072;0.1072;-0.1867;-2.5191
Media;"StdCSect T P-Values";0.9173;0.9173;0.8045;0.1108;0.9432;0.3962;0.5423;0.9173;0.9173;0.8565;0.0359
Media;"Rank Z";;;;;;;;;;;
Media;"Rank Z P-Values";;;;;;;;;;;
Media;"Generalized Rank T";;;;;;;;;;;
Media;"Generalized Rank T P-Values";;;;;;;;;;;
Media;"Generalized Rank Z";;;;;;;;;;;
Media;"Generalized Rank Z P-Values";;;;;;;;;;;
Media;"Adjusted Patell Z";;;;;;;;;;;
Media;"Adjusted Patell Z P-Values";;;;;;;;;;;
Media;"Adjusted StdCSect T";;;;;;;;;;;
Media;"Adjusted StdCSect T P-Values";;;;;;;;;;;
Media;"Skewness-Corrected T";;;;;;;;;;;
Media;"Skewness-Corrected T P-Values";;;;;;;;;;;
Media;"CDA T";;;;;;;;;;;
Media;"CDA T P-Values";;;;;;;;;;;
Media;Wilcoxon;;;;;;;;;;;
Media;"Wilcoxon P-Values";;;;;;;;;;;
"Leisure Products";"Average Abnormal Return (AAR)";0.0019;0.0019;-0.0077;0.0145;-0.0002;0.0423;-0.0349;0.0019;0.0019;0.0379;0.0073
"Leisure Products";N;3;3;3;3;3;3;3;3;3;3;3
"Leisure Products";Pos:Neg;3:0;3:0;1:2;2:1;1:2;3:0;0:3;3:0;3:0;3:0;3:0
"Leisure Products";"Patell Z";0.1352;0.1352;-0.7994;0.6861;0.0159;2.6193;-2.2679;0.1352;0.1352;2.4726;0.3878
"Leisure Products";"Patell Z P-Values";0.8925;0.8925;0.4241;0.4926;0.9873;0.0088;0.0233;0.8925;0.8925;0.0134;0.6981
"Leisure Products";"Generalized Sign Z";;;;;;;;;;;
"Leisure Products";"Generalized Sign Z P-Values";;;;;;;;;;;
"Leisure Products";"Sign Z";;;;;;;;;;;
"Leisure Products";"Sign Z P-Values";;;;;;;;;;;
"Leisure Products";"Csect T";4.6386;4.6386;-0.9685;0.9768;-0.0387;1.8518;-3.0835;4.6386;4.6386;2.3287;1.3454
"Leisure Products";"Csect T P-Values";0.0435;0.0435;0.4349;0.4317;0.9726;0.2053;0.091;0.0435;0.0435;0.1453;0.3107
"Leisure Products";"StdCSect T";6.5545;6.5545;-1.3016;0.9661;0.0352;2.2379;-7.9942;6.5545;6.5545;3.9035;1.7323
"Leisure Products";"StdCSect T P-Values";0.0225;0.0225;0.3228;0.4359;0.9751;0.1546;0.0153;0.0225;0.0225;0.0598;0.2254
"Leisure Products";"Rank Z";;;;;;;;;;;
"Leisure Products";"Rank Z P-Values";;;;;;;;;;;
"Leisure Products";"Generalized Rank T";;;;;;;;;;;
"Leisure Products";"Generalized Rank T P-Values";;;;;;;;;;;
"Leisure Products";"Generalized Rank Z";;;;;;;;;;;
"Leisure Products";"Generalized Rank Z P-Values";;;;;;;;;;;
"Leisure Products";"Adjusted Patell Z";;;;;;;;;;;
"Leisure Products";"Adjusted Patell Z P-Values";;;;;;;;;;;
"Leisure Products";"Adjusted StdCSect T";;;;;;;;;;;
"Leisure Products";"Adjusted StdCSect T P-Values";;;;;;;;;;;
"Leisure Products";"Skewness-Corrected T";;;;;;;;;;;
"Leisure Products";"Skewness-Corrected T P-Values";;;;;;;;;;;
"Leisure Products";"CDA T";;;;;;;;;;;
"Leisure Products";"CDA T P-Values";;;;;;;;;;;
"Leisure Products";Wilcoxon;;;;;;;;;;;
"Leisure Products";"Wilcoxon P-Values";;;;;;;;;;;
"Electronic Equipment, Instruments & Components";"Average Abnormal Return (AAR)";0.0012;0.0012;0.0022;0.0159;-0.0053;0.0215;-0.013;0.0012;0.0012;-0.0039;0.0018
"Electronic Equipment, Instruments & Components";N;3;3;3;3;3;3;3;3;3;3;3
"Electronic Equipment, Instruments & Components";Pos:Neg;3:0;3:0;1:2;3:0;1:2;2:1;0:3;3:0;3:0;2:1;1:2
"Electronic Equipment, Instruments & Components";"Patell Z";0.1889;0.1889;0.0704;2.5666;-0.286;1.8475;-2.0973;0.1889;0.1889;-2.8932;0.1558
"Electronic Equipment, Instruments & Components";"Patell Z P-Values";0.8502;0.8502;0.9439;0.0103;0.7749;0.0647;0.036;0.8502;0.8502;0.0038;0.8762
"Electronic Equipment, Instruments & Components";"Generalized Sign Z";;;;;;;;;;;
"Electronic Equipment, Instruments & Components";"Generalized Sign Z P-Values";;;;;;;;;;;
"Electronic Equipment, Instruments & Components";"Sign Z";;;;;;;;;;;
"Electronic Equipment, Instruments & Components";"Sign Z P-Values";;;;;;;;;;;
"Electronic Equipment, Instruments & Components";"Csect T";5.9184;5.9184;0.4009;10.6157;-0.5094;0.7941;-2.6315;5.9184;5.9184;-0.0917;0.2015
"Electronic Equipment, Instruments & Components";"Csect T P-Values";0.0274;0.0274;0.7273;0.0088;0.6611;0.5104;0.1191;0.0274;0.0274;0.9353;0.859
"Electronic Equipment, Instruments & Components";"StdCSect T";7.2875;7.2875;0.0889;4.1034;-0.1599;0.4413;-1.9398;7.2875;7.2875;-0.3626;0.1176
"Electronic Equipment, Instruments & Components";"StdCSect T P-Values";0.0183;0.0183;0.9373;0.0546;0.8876;0.7021;0.1919;0.0183;0.0183;0.7516;0.9171
"Electronic Equipment, Instruments & Components";"Rank Z";;;;;;;;;;;
"Electronic Equipment, Instruments & Components";"Rank Z P-Values";;;;;;;;;;;
"Electronic Equipment, Instruments & Components";"Generalized Rank T";;;;;;;;;;;
"Electronic Equipment, Instruments & Components";"Generalized Rank T P-Values";;;;;;;;;;;
"Electronic Equipment, Instruments & Components";"Generalized Rank Z";;;;;;;;;;;
"Electronic Equipment, Instruments & Components";"Generalized Rank Z P-Values";;;;;;;;;;;
"Electronic Equipment, Instruments & Components";"Adjusted Patell Z";;;;;;;;;;;
"Electronic Equipment, Instruments & Components";"Adjusted Patell Z P-Values";;;;;;;;;;;
"Electronic Equipment, Instruments & Components";"Adjusted StdCSect T";;;;;;;;;;;
"Electronic Equipment, Instruments & Components";"Adjusted StdCSect T P-Values";;;;;;;;;;;
"Electronic Equipment, Instruments & Components";"Skewness-Corrected T";;;;;;;;;;;
"Electronic Equipment, Instruments & Components";"Skewness-Corrected T P-Values";;;;;;;;;;;
"Electronic Equipment, Instruments & Components";"CDA T";;;;;;;;;;;
"Electronic Equipment, Instruments & Components";"CDA T P-Values";;;;;;;;;;;
"Electronic Equipment, Instruments & Components";Wilcoxon;;;;;;;;;;;
"Electronic Equipment, Instruments & Components";"Wilcoxon P-Values";;;;;;;;;;;
"Paper & Forest Products";"Average Abnormal Return (AAR)";-0.0012;-0.0012;0.0043;-0.0163;0.0077;-0.0304;0.0093;-0.0012;-0.0012;-0.0459;-0.0193
"Paper & Forest Products";N;5;5;5;5;5;5;5;5;5;5;5
"Paper & Forest Products";Pos:Neg;0:5;0:5;3:2;0:5;5:0;0:5;5:0;0:5;0:5;0:5;2:3
"Paper & Forest Products";"Patell Z";-0.2384;-0.2384;1.0448;-3.3677;1.6613;-6.9432;1.8593;-0.2384;-0.2384;-11.1943;-4.155
"Paper & Forest Products";"Patell Z P-Values";0.8116;0.8116;0.2961;0.0008;0.0967;3.8326E-12;0.063;0.8116;0.8116;4.3498E-29;0
"Paper & Forest Products";"Generalized Sign Z";;;;;;;;;;;
"Paper & Forest Products";"Generalized Sign Z P-Values";;;;;;;;;;;
"Paper & Forest Products";"Sign Z";;;;;;;;;;;
"Paper & Forest Products";"Sign Z P-Values";;;;;;;;;;;
"Paper & Forest Products";"Csect T";-3.9434;-3.9434;1.5886;-4.3888;4.2332;-2.1925;2.9942;-3.9434;-3.9434;-2.3045;-1.7542
"Paper & Forest Products";"Csect T P-Values";0.0169;0.0169;0.1874;0.0118;0.0133;0.0934;0.0402;0.0169;0.0169;0.0825;0.1543
"Paper & Forest Products";"StdCSect T";-4.508;-4.508;1.5229;-5.2021;4.3894;-1.7968;3.1757;-4.508;-4.508;-1.8472;-1.7773
"Paper & Forest Products";"StdCSect T P-Values";0.0108;0.0108;0.2025;0.0065;0.0118;0.1468;0.0337;0.0108;0.0108;0.1384;0.1502
"Paper & Forest Products";"Rank Z";;;;;;;;;;;
"Paper & Forest Products";"Rank Z P-Values";;;;;;;;;;;
"Paper & Forest Products";"Generalized Rank T";;;;;;;;;;;
"Paper & Forest Products";"Generalized Rank T P-Values";;;;;;;;;;;
"Paper & Forest Products";"Generalized Rank Z";;;;;;;;;;;
"Paper & Forest Products";"Generalized Rank Z P-Values";;;;;;;;;;;
"Paper & Forest Products";"Adjusted Patell Z";;;;;;;;;;;
"Paper & Forest Products";"Adjusted Patell Z P-Values";;;;;;;;;;;
"Paper & Forest Products";"Adjusted StdCSect T";;;;;;;;;;;
"Paper & Forest Products";"Adjusted StdCSect T P-Values";;;;;;;;;;;
"Paper & Forest Products";"Skewness-Corrected T";;;;;;;;;;;
"Paper & Forest Products";"Skewness-Corrected T P-Values";;;;;;;;;;;
"Paper & Forest Products";"CDA T";;;;;;;;;;;
"Paper & Forest Products";"CDA T P-Values";;;;;;;;;;;
"Paper & Forest Products";Wilcoxon;;;;;;;;;;;
"Paper & Forest Products";"Wilcoxon P-Values";;;;;;;;;;;
"Passenger Airlines";"Average Abnormal Return (AAR)";-0.0005;-0.0005;0.0106;-0.0015;-0.0376;-0.0166;0.0033;-0.0005;-0.0005;-0.0379;-0.0566
"Passenger Airlines";N;4;4;4;4;4;4;4;4;4;4;4
"Passenger Airlines";Pos:Neg;1:3;1:3;3:1;2:2;0:4;2:2;2:2;1:3;1:3;0:4;0:4
"Passenger Airlines";"Patell Z";-0.0446;-0.0446;0.8514;-0.0898;-3.1083;-1.1259;0.125;-0.0446;-0.0446;-3.2785;-4.82
"Passenger Airlines";"Patell Z P-Values";0.9644;0.9644;0.3946;0.9284;0.0019;0.2602;0.9005;0.9644;0.9644;0.001;1.4353E-6
"Passenger Airlines";"Generalized Sign Z";;;;;;;;;;;
"Passenger Airlines";"Generalized Sign Z P-Values";;;;;;;;;;;
"Passenger Airlines";"Sign Z";;;;;;;;;;;
"Passenger Airlines";"Sign Z P-Values";;;;;;;;;;;
"Passenger Airlines";"Csect T";-0.9954;-0.9954;2.4216;-0.1848;-2.2835;-0.7694;0.1844;-0.9954;-0.9954;-9.1874;-5.5781
"Passenger Airlines";"Csect T P-Values";0.3929;0.3929;0.094;0.8652;0.1066;0.4977;0.8655;0.3929;0.3929;0.0027;0.0114
"Passenger Airlines";"StdCSect T";-1.0186;-1.0186;2.2629;-0.1307;-2.508;-0.6662;0.089;-1.0186;-1.0186;-9.519;-4.8707
"Passenger Airlines";"StdCSect T P-Values";0.3834;0.3834;0.1086;0.9043;0.0871;0.5529;0.9347;0.3834;0.3834;0.0025;0.0165
"Passenger Airlines";"Rank Z";;;;;;;;;;;
"Passenger Airlines";"Rank Z P-Values";;;;;;;;;;;
"Passenger Airlines";"Generalized Rank T";;;;;;;;;;;
"Passenger Airlines";"Generalized Rank T P-Values";;;;;;;;;;;
"Passenger Airlines";"Generalized Rank Z";;;;;;;;;;;
"Passenger Airlines";"Generalized Rank Z P-Values";;;;;;;;;;;
"Passenger Airlines";"Adjusted Patell Z";;;;;;;;;;;
"Passenger Airlines";"Adjusted Patell Z P-Values";;;;;;;;;;;
"Passenger Airlines";"Adjusted StdCSect T";;;;;;;;;;;
"Passenger Airlines";"Adjusted StdCSect T P-Values";;;;;;;;;;;
"Passenger Airlines";"Skewness-Corrected T";;;;;;;;;;;
"Passenger Airlines";"Skewness-Corrected T P-Values";;;;;;;;;;;
"Passenger Airlines";"CDA T";;;;;;;;;;;
"Passenger Airlines";"CDA T P-Values";;;;;;;;;;;
"Passenger Airlines";Wilcoxon;;;;;;;;;;;
"Passenger Airlines";"Wilcoxon P-Values";;;;;;;;;;;
"Marine Transportation";"Average Abnormal Return (AAR)";-0.0011;-0.0011;-0.0104;-0.0004;-0.0232;0.0155;-0.009;-0.0011;-0.0011;0.0064;0.0266
"Marine Transportation";N;2;2;2;2;2;2;2;2;2;2;2
"Marine Transportation";Pos:Neg;1:1;1:1;0:2;1:1;0:2;1:1;0:2;1:1;1:1;1:1;2:0
"Marine Transportation";"Patell Z";-0.0839;-0.0839;-0.843;-0.087;-1.9507;1.4259;-0.7361;-0.0839;-0.0839;0.7328;2.3618
"Marine Transportation";"Patell Z P-Values";0.9331;0.9331;0.3992;0.9307;0.0511;0.1539;0.4617;0.9331;0.9331;0.4637;0.0182
"Marine Transportation";"Generalized Sign Z";;;;;;;;;;;
"Marine Transportation";"Generalized Sign Z P-Values";;;;;;;;;;;
"Marine Transportation";"Sign Z";;;;;;;;;;;
"Marine Transportation";"Sign Z P-Values";;;;;;;;;;;
"Marine Transportation";"Csect T";-0.6111;-0.6111;-1.6124;-0.0503;-3.1565;0.5065;-60;-0.6111;-0.6111;0.214;1.1295
"Marine Transportation";"Csect T P-Values";0.6508;0.6508;0.3534;0.968;0.1953;0.7015;0.0106;0.6508;0.6508;0.8658;0.4613
"Marine Transportation";"StdCSect T";-0.5651;-0.5651;-1.7278;-0.1264;-3.9556;0.5561;-11.2975;-0.5651;-0.5651;0.2802;1.1132
"Marine Transportation";"StdCSect T P-Values";0.6726;0.6726;0.334;0.9199;0.1576;0.6769;0.0562;0.6726;0.6726;0.8261;0.4659
"Marine Transportation";"Rank Z";;;;;;;;;;;
"Marine Transportation";"Rank Z P-Values";;;;;;;;;;;
"Marine Transportation";"Generalized Rank T";;;;;;;;;;;
"Marine Transportation";"Generalized Rank T P-Values";;;;;;;;;;;
"Marine Transportation";"Generalized Rank Z";;;;;;;;;;;
"Marine Transportation";"Generalized Rank Z P-Values";;;;;;;;;;;
"Marine Transportation";"Adjusted Patell Z";;;;;;;;;;;
"Marine Transportation";"Adjusted Patell Z P-Values";;;;;;;;;;;
"Marine Transportation";"Adjusted StdCSect T";;;;;;;;;;;
"Marine Transportation";"Adjusted StdCSect T P-Values";;;;;;;;;;;
"Marine Transportation";"Skewness-Corrected T";;;;;;;;;;;
"Marine Transportation";"Skewness-Corrected T P-Values";;;;;;;;;;;
"Marine Transportation";"CDA T";;;;;;;;;;;
"Marine Transportation";"CDA T P-Values";;;;;;;;;;;
"Marine Transportation";Wilcoxon;;;;;;;;;;;
"Marine Transportation";"Wilcoxon P-Values";;;;;;;;;;;
"Industrial Conglomerates";"Average Abnormal Return (AAR)";0.0009;0.0009;0.001;0.0237;-0.051;0.0266;-0.0214;0.0009;0.0009;-0.0077;0.0123
"Industrial Conglomerates";N;4;4;4;4;4;4;4;4;4;4;4
"Industrial Conglomerates";Pos:Neg;3:1;3:1;2:2;3:1;2:2;3:1;0:4;3:1;3:1;2:2;3:1
"Industrial Conglomerates";"Patell Z";0.1134;0.1134;0.1513;2.6284;-5.3266;2.9067;-2.3485;0.1134;0.1134;-1.1811;1.0779
"Industrial Conglomerates";"Patell Z P-Values";0.9097;0.9097;0.8797;0.0086;1.0004E-7;0.0037;0.0189;0.9097;0.9097;0.2376;0.2811
"Industrial Conglomerates";"Generalized Sign Z";;;;;;;;;;;
"Industrial Conglomerates";"Generalized Sign Z P-Values";;;;;;;;;;;
"Industrial Conglomerates";"Sign Z";;;;;;;;;;;
"Industrial Conglomerates";"Sign Z P-Values";;;;;;;;;;;
"Industrial Conglomerates";"Csect T";2.1928;2.1928;0.1428;1.7628;-1.1536;1.9417;-2.3182;2.1928;2.1928;-0.6428;1.1638
"Industrial Conglomerates";"Csect T P-Values";0.116;0.116;0.8955;0.1761;0.3322;0.1475;0.1033;0.116;0.116;0.5661;0.3286
"Industrial Conglomerates";"StdCSect T";2.3376;2.3376;0.1974;1.3521;-1.2342;1.5593;-3.0205;2.3376;2.3376;-0.6958;0.6904
"Industrial Conglomerates";"StdCSect T P-Values";0.1014;0.1014;0.8561;0.2692;0.305;0.2168;0.0567;0.1014;0.1014;0.5366;0.5396
"Industrial Conglomerates";"Rank Z";;;;;;;;;;;
"Industrial Conglomerates";"Rank Z P-Values";;;;;;;;;;;
"Industrial Conglomerates";"Generalized Rank T";;;;;;;;;;;
"Industrial Conglomerates";"Generalized Rank T P-Values";;;;;;;;;;;
"Industrial Conglomerates";"Generalized Rank Z";;;;;;;;;;;
"Industrial Conglomerates";"Generalized Rank Z P-Values";;;;;;;;;;;
"Industrial Conglomerates";"Adjusted Patell Z";;;;;;;;;;;
"Industrial Conglomerates";"Adjusted Patell Z P-Values";;;;;;;;;;;
"Industrial Conglomerates";"Adjusted StdCSect T";;;;;;;;;;;
"Industrial Conglomerates";"Adjusted StdCSect T P-Values";;;;;;;;;;;
"Industrial Conglomerates";"Skewness-Corrected T";;;;;;;;;;;
"Industrial Conglomerates";"Skewness-Corrected T P-Values";;;;;;;;;;;
"Industrial Conglomerates";"CDA T";;;;;;;;;;;
"Industrial Conglomerates";"CDA T P-Values";;;;;;;;;;;
"Industrial Conglomerates";Wilcoxon;;;;;;;;;;;
"Industrial Conglomerates";"Wilcoxon P-Values";;;;;;;;;;;
"Retail REITs";"Average Abnormal Return (AAR)";-0.0012;-0.0012;-0.0016;-0.0012;-0.0052;0.0064;-0.0059;-0.0012;-0.0012;-0.0127;-0.0179
"Retail REITs";N;2;2;2;2;2;2;2;2;2;2;2
"Retail REITs";Pos:Neg;0:2;0:2;1:1;1:1;0:2;2:0;0:2;0:2;0:2;0:2;0:2
"Retail REITs";"Patell Z";-0.0982;-0.0982;-0.1352;-0.0693;-0.3429;0.4431;-0.3957;-0.0982;-0.0982;-0.9463;-1.2509
"Retail REITs";"Patell Z P-Values";0.9218;0.9218;0.8925;0.9448;0.7317;0.6577;0.6923;0.9218;0.9218;0.344;0.211
"Retail REITs";"Generalized Sign Z";;;;;;;;;;;
"Retail REITs";"Generalized Sign Z P-Values";;;;;;;;;;;
"Retail REITs";"Sign Z";;;;;;;;;;;
"Retail REITs";"Sign Z P-Values";;;;;;;;;;;
"Retail REITs";"Csect T";-1.8462;-1.8462;-0.6531;-0.5714;-1.284;32;-2.7442;-1.8462;-1.8462;-12.7;-5.2647
"Retail REITs";"Csect T P-Values";0.316;0.316;0.6317;0.6695;0.4213;0.0199;0.2225;0.316;0.316;0.05;0.1195
"Retail REITs";"StdCSect T";-1.6523;-1.6523;-0.7011;-0.4813;-1.3627;10.4211;-4.0352;-1.6523;-1.6523;-4.9721;-15.1772
"Retail REITs";"StdCSect T P-Values";0.3465;0.3465;0.6107;0.7144;0.403;0.0609;0.1546;0.3465;0.3465;0.1264;0.0419
"Retail REITs";"Rank Z";;;;;;;;;;;
"Retail REITs";"Rank Z P-Values";;;;;;;;;;;
"Retail REITs";"Generalized Rank T";;;;;;;;;;;
"Retail REITs";"Generalized Rank T P-Values";;;;;;;;;;;
"Retail REITs";"Generalized Rank Z";;;;;;;;;;;
"Retail REITs";"Generalized Rank Z P-Values";;;;;;;;;;;
"Retail REITs";"Adjusted Patell Z";;;;;;;;;;;
"Retail REITs";"Adjusted Patell Z P-Values";;;;;;;;;;;
"Retail REITs";"Adjusted StdCSect T";;;;;;;;;;;
"Retail REITs";"Adjusted StdCSect T P-Values";;;;;;;;;;;
"Retail REITs";"Skewness-Corrected T";;;;;;;;;;;
"Retail REITs";"Skewness-Corrected T P-Values";;;;;;;;;;;
"Retail REITs";"CDA T";;;;;;;;;;;
"Retail REITs";"CDA T P-Values";;;;;;;;;;;
"Retail REITs";Wilcoxon;;;;;;;;;;;
"Retail REITs";"Wilcoxon P-Values";;;;;;;;;;;
"Technology Hardware, Storage & Peripherals";"Average Abnormal Return (AAR)";;;;;;;;;;;
"Technology Hardware, Storage & Peripherals";N;;;;;;;;;;;
"Technology Hardware, Storage & Peripherals";Pos:Neg;;;;;;;;;;;
"Technology Hardware, Storage & Peripherals";"Patell Z";;;;;;;;;;;
"Technology Hardware, Storage & Peripherals";"Patell Z P-Values";;;;;;;;;;;
"Technology Hardware, Storage & Peripherals";"Generalized Sign Z";;;;;;;;;;;
"Technology Hardware, Storage & Peripherals";"Generalized Sign Z P-Values";;;;;;;;;;;
"Technology Hardware, Storage & Peripherals";"Sign Z";;;;;;;;;;;
"Technology Hardware, Storage & Peripherals";"Sign Z P-Values";;;;;;;;;;;
"Technology Hardware, Storage & Peripherals";"Csect T";;;;;;;;;;;
"Technology Hardware, Storage & Peripherals";"Csect T P-Values";;;;;;;;;;;
"Technology Hardware, Storage & Peripherals";"StdCSect T";;;;;;;;;;;
"Technology Hardware, Storage & Peripherals";"StdCSect T P-Values";;;;;;;;;;;
"Technology Hardware, Storage & Peripherals";"Rank Z";;;;;;;;;;;
"Technology Hardware, Storage & Peripherals";"Rank Z P-Values";;;;;;;;;;;
"Technology Hardware, Storage & Peripherals";"Generalized Rank T";;;;;;;;;;;
"Technology Hardware, Storage & Peripherals";"Generalized Rank T P-Values";;;;;;;;;;;
"Technology Hardware, Storage & Peripherals";"Generalized Rank Z";;;;;;;;;;;
"Technology Hardware, Storage & Peripherals";"Generalized Rank Z P-Values";;;;;;;;;;;
"Technology Hardware, Storage & Peripherals";"Adjusted Patell Z";;;;;;;;;;;
"Technology Hardware, Storage & Peripherals";"Adjusted Patell Z P-Values";;;;;;;;;;;
"Technology Hardware, Storage & Peripherals";"Adjusted StdCSect T";;;;;;;;;;;
"Technology Hardware, Storage & Peripherals";"Adjusted StdCSect T P-Values";;;;;;;;;;;
"Technology Hardware, Storage & Peripherals";"Skewness-Corrected T";;;;;;;;;;;
"Technology Hardware, Storage & Peripherals";"Skewness-Corrected T P-Values";;;;;;;;;;;
"Technology Hardware, Storage & Peripherals";"CDA T";;;;;;;;;;;
"Technology Hardware, Storage & Peripherals";"CDA T P-Values";;;;;;;;;;;
"Technology Hardware, Storage & Peripherals";Wilcoxon;;;;;;;;;;;
"Technology Hardware, Storage & Peripherals";"Wilcoxon P-Values";;;;;;;;;;;
"Water Utilities";"Average Abnormal Return (AAR)";-0.0003;-0.0003;0.0028;-0.0276;0.0079;-0.0233;0.0138;-0.0003;-0.0003;0.0262;0.0189
"Water Utilities";N;3;3;3;3;3;3;3;3;3;3;3
"Water Utilities";Pos:Neg;1:2;1:2;2:1;0:3;3:0;0:3;3:0;1:2;1:2;3:0;3:0
"Water Utilities";"Patell Z";-0.0816;-0.0816;0.59;-6.1872;1.8289;-4.9382;2.9455;-0.0816;-0.0816;5.9359;4.1268
"Water Utilities";"Patell Z P-Values";0.935;0.935;0.5552;6.1225E-10;0.0674;7.8836E-7;0.0032;0.935;0.935;2.9219E-9;0
"Water Utilities";"Generalized Sign Z";;;;;;;;;;;
"Water Utilities";"Generalized Sign Z P-Values";;;;;;;;;;;
"Water Utilities";"Sign Z";;;;;;;;;;;
"Water Utilities";"Sign Z P-Values";;;;;;;;;;;
"Water Utilities";"Csect T";-0.638;-0.638;1.4755;-9.0064;2.1225;-16.2033;4.6837;-0.638;-0.638;13.044;13.8789
"Water Utilities";"Csect T P-Values";0.5888;0.5888;0.2781;0.0121;0.1678;0.0038;0.0427;0.5888;0.5888;0.0058;0.0052
"Water Utilities";"StdCSect T";-0.7738;-0.7738;1.4862;-12.4028;2.1155;-32.2922;4.4593;-0.7738;-0.7738;9.6675;9.972
"Water Utilities";"StdCSect T P-Values";0.52;0.52;0.2756;0.0064;0.1687;0.001;0.0468;0.52;0.52;0.0105;0.0099
"Water Utilities";"Rank Z";;;;;;;;;;;
"Water Utilities";"Rank Z P-Values";;;;;;;;;;;
"Water Utilities";"Generalized Rank T";;;;;;;;;;;
"Water Utilities";"Generalized Rank T P-Values";;;;;;;;;;;
"Water Utilities";"Generalized Rank Z";;;;;;;;;;;
"Water Utilities";"Generalized Rank Z P-Values";;;;;;;;;;;
"Water Utilities";"Adjusted Patell Z";;;;;;;;;;;
"Water Utilities";"Adjusted Patell Z P-Values";;;;;;;;;;;
"Water Utilities";"Adjusted StdCSect T";;;;;;;;;;;
"Water Utilities";"Adjusted StdCSect T P-Values";;;;;;;;;;;
"Water Utilities";"Skewness-Corrected T";;;;;;;;;;;
"Water Utilities";"Skewness-Corrected T P-Values";;;;;;;;;;;
"Water Utilities";"CDA T";;;;;;;;;;;
"Water Utilities";"CDA T P-Values";;;;;;;;;;;
"Water Utilities";Wilcoxon;;;;;;;;;;;
"Water Utilities";"Wilcoxon P-Values";;;;;;;;;;;
"Diversified Consumer Services";"Average Abnormal Return (AAR)";;;;;;;;;;;
"Diversified Consumer Services";N;;;;;;;;;;;
"Diversified Consumer Services";Pos:Neg;;;;;;;;;;;
"Diversified Consumer Services";"Patell Z";;;;;;;;;;;
"Diversified Consumer Services";"Patell Z P-Values";;;;;;;;;;;
"Diversified Consumer Services";"Generalized Sign Z";;;;;;;;;;;
"Diversified Consumer Services";"Generalized Sign Z P-Values";;;;;;;;;;;
"Diversified Consumer Services";"Sign Z";;;;;;;;;;;
"Diversified Consumer Services";"Sign Z P-Values";;;;;;;;;;;
"Diversified Consumer Services";"Csect T";;;;;;;;;;;
"Diversified Consumer Services";"Csect T P-Values";;;;;;;;;;;
"Diversified Consumer Services";"StdCSect T";;;;;;;;;;;
"Diversified Consumer Services";"StdCSect T P-Values";;;;;;;;;;;
"Diversified Consumer Services";"Rank Z";;;;;;;;;;;
"Diversified Consumer Services";"Rank Z P-Values";;;;;;;;;;;
"Diversified Consumer Services";"Generalized Rank T";;;;;;;;;;;
"Diversified Consumer Services";"Generalized Rank T P-Values";;;;;;;;;;;
"Diversified Consumer Services";"Generalized Rank Z";;;;;;;;;;;
"Diversified Consumer Services";"Generalized Rank Z P-Values";;;;;;;;;;;
"Diversified Consumer Services";"Adjusted Patell Z";;;;;;;;;;;
"Diversified Consumer Services";"Adjusted Patell Z P-Values";;;;;;;;;;;
"Diversified Consumer Services";"Adjusted StdCSect T";;;;;;;;;;;
"Diversified Consumer Services";"Adjusted StdCSect T P-Values";;;;;;;;;;;
"Diversified Consumer Services";"Skewness-Corrected T";;;;;;;;;;;
"Diversified Consumer Services";"Skewness-Corrected T P-Values";;;;;;;;;;;
"Diversified Consumer Services";"CDA T";;;;;;;;;;;
"Diversified Consumer Services";"CDA T P-Values";;;;;;;;;;;
"Diversified Consumer Services";Wilcoxon;;;;;;;;;;;
"Diversified Consumer Services";"Wilcoxon P-Values";;;;;;;;;;;
"Health Care Technology";"Average Abnormal Return (AAR)";;;;;;;;;;;
"Health Care Technology";N;;;;;;;;;;;
"Health Care Technology";Pos:Neg;;;;;;;;;;;
"Health Care Technology";"Patell Z";;;;;;;;;;;
"Health Care Technology";"Patell Z P-Values";;;;;;;;;;;
"Health Care Technology";"Generalized Sign Z";;;;;;;;;;;
"Health Care Technology";"Generalized Sign Z P-Values";;;;;;;;;;;
"Health Care Technology";"Sign Z";;;;;;;;;;;
"Health Care Technology";"Sign Z P-Values";;;;;;;;;;;
"Health Care Technology";"Csect T";;;;;;;;;;;
"Health Care Technology";"Csect T P-Values";;;;;;;;;;;
"Health Care Technology";"StdCSect T";;;;;;;;;;;
"Health Care Technology";"StdCSect T P-Values";;;;;;;;;;;
"Health Care Technology";"Rank Z";;;;;;;;;;;
"Health Care Technology";"Rank Z P-Values";;;;;;;;;;;
"Health Care Technology";"Generalized Rank T";;;;;;;;;;;
"Health Care Technology";"Generalized Rank T P-Values";;;;;;;;;;;
"Health Care Technology";"Generalized Rank Z";;;;;;;;;;;
"Health Care Technology";"Generalized Rank Z P-Values";;;;;;;;;;;
"Health Care Technology";"Adjusted Patell Z";;;;;;;;;;;
"Health Care Technology";"Adjusted Patell Z P-Values";;;;;;;;;;;
"Health Care Technology";"Adjusted StdCSect T";;;;;;;;;;;
"Health Care Technology";"Adjusted StdCSect T P-Values";;;;;;;;;;;
"Health Care Technology";"Skewness-Corrected T";;;;;;;;;;;
"Health Care Technology";"Skewness-Corrected T P-Values";;;;;;;;;;;
"Health Care Technology";"CDA T";;;;;;;;;;;
"Health Care Technology";"CDA T P-Values";;;;;;;;;;;
"Health Care Technology";Wilcoxon;;;;;;;;;;;
"Health Care Technology";"Wilcoxon P-Values";;;;;;;;;;;
"Energy Equipment & Services";"Average Abnormal Return (AAR)";;;;;;;;;;;
"Energy Equipment & Services";N;;;;;;;;;;;
"Energy Equipment & Services";Pos:Neg;;;;;;;;;;;
"Energy Equipment & Services";"Patell Z";;;;;;;;;;;
"Energy Equipment & Services";"Patell Z P-Values";;;;;;;;;;;
"Energy Equipment & Services";"Generalized Sign Z";;;;;;;;;;;
"Energy Equipment & Services";"Generalized Sign Z P-Values";;;;;;;;;;;
"Energy Equipment & Services";"Sign Z";;;;;;;;;;;
"Energy Equipment & Services";"Sign Z P-Values";;;;;;;;;;;
"Energy Equipment & Services";"Csect T";;;;;;;;;;;
"Energy Equipment & Services";"Csect T P-Values";;;;;;;;;;;
"Energy Equipment & Services";"StdCSect T";;;;;;;;;;;
"Energy Equipment & Services";"StdCSect T P-Values";;;;;;;;;;;
"Energy Equipment & Services";"Rank Z";;;;;;;;;;;
"Energy Equipment & Services";"Rank Z P-Values";;;;;;;;;;;
"Energy Equipment & Services";"Generalized Rank T";;;;;;;;;;;
"Energy Equipment & Services";"Generalized Rank T P-Values";;;;;;;;;;;
"Energy Equipment & Services";"Generalized Rank Z";;;;;;;;;;;
"Energy Equipment & Services";"Generalized Rank Z P-Values";;;;;;;;;;;
"Energy Equipment & Services";"Adjusted Patell Z";;;;;;;;;;;
"Energy Equipment & Services";"Adjusted Patell Z P-Values";;;;;;;;;;;
"Energy Equipment & Services";"Adjusted StdCSect T";;;;;;;;;;;
"Energy Equipment & Services";"Adjusted StdCSect T P-Values";;;;;;;;;;;
"Energy Equipment & Services";"Skewness-Corrected T";;;;;;;;;;;
"Energy Equipment & Services";"Skewness-Corrected T P-Values";;;;;;;;;;;
"Energy Equipment & Services";"CDA T";;;;;;;;;;;
"Energy Equipment & Services";"CDA T P-Values";;;;;;;;;;;
"Energy Equipment & Services";Wilcoxon;;;;;;;;;;;
"Energy Equipment & Services";"Wilcoxon P-Values";;;;;;;;;;;
"Residential REITs";"Average Abnormal Return (AAR)";;;;;;;;;;;
"Residential REITs";N;;;;;;;;;;;
"Residential REITs";Pos:Neg;;;;;;;;;;;
"Residential REITs";"Patell Z";;;;;;;;;;;
"Residential REITs";"Patell Z P-Values";;;;;;;;;;;
"Residential REITs";"Generalized Sign Z";;;;;;;;;;;
"Residential REITs";"Generalized Sign Z P-Values";;;;;;;;;;;
"Residential REITs";"Sign Z";;;;;;;;;;;
"Residential REITs";"Sign Z P-Values";;;;;;;;;;;
"Residential REITs";"Csect T";;;;;;;;;;;
"Residential REITs";"Csect T P-Values";;;;;;;;;;;
"Residential REITs";"StdCSect T";;;;;;;;;;;
"Residential REITs";"StdCSect T P-Values";;;;;;;;;;;
"Residential REITs";"Rank Z";;;;;;;;;;;
"Residential REITs";"Rank Z P-Values";;;;;;;;;;;
"Residential REITs";"Generalized Rank T";;;;;;;;;;;
"Residential REITs";"Generalized Rank T P-Values";;;;;;;;;;;
"Residential REITs";"Generalized Rank Z";;;;;;;;;;;
"Residential REITs";"Generalized Rank Z P-Values";;;;;;;;;;;
"Residential REITs";"Adjusted Patell Z";;;;;;;;;;;
"Residential REITs";"Adjusted Patell Z P-Values";;;;;;;;;;;
"Residential REITs";"Adjusted StdCSect T";;;;;;;;;;;
"Residential REITs";"Adjusted StdCSect T P-Values";;;;;;;;;;;
"Residential REITs";"Skewness-Corrected T";;;;;;;;;;;
"Residential REITs";"Skewness-Corrected T P-Values";;;;;;;;;;;
"Residential REITs";"CDA T";;;;;;;;;;;
"Residential REITs";"CDA T P-Values";;;;;;;;;;;
"Residential REITs";Wilcoxon;;;;;;;;;;;
"Residential REITs";"Wilcoxon P-Values";;;;;;;;;;;
